-- MySQL dump 10.13  Distrib 5.5.44, for debian-linux-gnu (i686)
--
-- Host: localhost    Database: GPA_Tracker
-- ------------------------------------------------------
-- Server version	5.5.44-0ubuntu0.14.04.1

/*!40101 SET @OLD_CHARACTER_SET_CLIENT=@@CHARACTER_SET_CLIENT */;
/*!40101 SET @OLD_CHARACTER_SET_RESULTS=@@CHARACTER_SET_RESULTS */;
/*!40101 SET @OLD_COLLATION_CONNECTION=@@COLLATION_CONNECTION */;
/*!40101 SET NAMES utf8 */;
/*!40103 SET @OLD_TIME_ZONE=@@TIME_ZONE */;
/*!40103 SET TIME_ZONE='+00:00' */;
/*!40014 SET @OLD_UNIQUE_CHECKS=@@UNIQUE_CHECKS, UNIQUE_CHECKS=0 */;
/*!40014 SET @OLD_FOREIGN_KEY_CHECKS=@@FOREIGN_KEY_CHECKS, FOREIGN_KEY_CHECKS=0 */;
/*!40101 SET @OLD_SQL_MODE=@@SQL_MODE, SQL_MODE='NO_AUTO_VALUE_ON_ZERO' */;
/*!40111 SET @OLD_SQL_NOTES=@@SQL_NOTES, SQL_NOTES=0 */;

--
-- Table structure for table `Assessment`
--

DROP TABLE IF EXISTS `Assessment`;
/*!40101 SET @saved_cs_client     = @@character_set_client */;
/*!40101 SET character_set_client = utf8 */;
CREATE TABLE `Assessment` (
  `assessmentTypeID` int(11) NOT NULL,
  `grade` int(11) NOT NULL,
  `assessmentID` int(11) NOT NULL AUTO_INCREMENT,
  `studentCourseID` int(11) NOT NULL,
  `dateEntered` date NOT NULL,
  PRIMARY KEY (`assessmentID`),
  KEY `assessmentTypeID` (`assessmentTypeID`),
  KEY `studentCourseID` (`studentCourseID`),
  CONSTRAINT `Assessment_ibfk_1` FOREIGN KEY (`assessmentTypeID`) REFERENCES `AssessmentType` (`assessmentTypeID`) ON DELETE CASCADE ON UPDATE CASCADE,
  CONSTRAINT `Assessment_ibfk_2` FOREIGN KEY (`studentCourseID`) REFERENCES `StudentCourse` (`studentCourseID`) ON DELETE CASCADE ON UPDATE CASCADE
) ENGINE=InnoDB AUTO_INCREMENT=19 DEFAULT CHARSET=latin1;
/*!40101 SET character_set_client = @saved_cs_client */;

--
-- Dumping data for table `Assessment`
--

LOCK TABLES `Assessment` WRITE;
/*!40000 ALTER TABLE `Assessment` DISABLE KEYS */;
INSERT INTO `Assessment` VALUES (2,95,2,1278,'2015-11-18'),(5,81,3,1278,'2015-10-26'),(7,100,4,1278,'2015-09-25'),(8,100,5,1278,'2015-12-01'),(9,95,6,1167,'2015-08-28'),(9,50,7,1167,'2015-09-04'),(9,88,8,1167,'2015-09-11'),(9,100,9,1167,'2015-09-18'),(9,0,10,1167,'2015-09-25'),(9,70,11,1167,'2015-10-02'),(10,85,12,1167,'2015-10-09'),(10,75,13,1167,'2015-10-16'),(10,97,14,1167,'2015-10-23'),(10,79,15,1167,'2015-10-30'),(8,95,17,1278,'2015-12-05'),(8,95,18,1278,'2015-12-05');
/*!40000 ALTER TABLE `Assessment` ENABLE KEYS */;
UNLOCK TABLES;

--
-- Table structure for table `AssessmentType`
--

DROP TABLE IF EXISTS `AssessmentType`;
/*!40101 SET @saved_cs_client     = @@character_set_client */;
/*!40101 SET character_set_client = utf8 */;
CREATE TABLE `AssessmentType` (
  `assessmentName` varchar(35) NOT NULL,
  `percentage` float NOT NULL,
  `studentCourseID` int(11) NOT NULL,
  `assessmentTypeID` int(11) NOT NULL AUTO_INCREMENT,
  PRIMARY KEY (`studentCourseID`,`assessmentTypeID`),
  UNIQUE KEY `assessmentTypeID` (`assessmentTypeID`),
  UNIQUE KEY `assessmentName` (`assessmentName`,`studentCourseID`),
  KEY `studentCourseID` (`studentCourseID`),
  CONSTRAINT `AssessmentType_ibfk_1` FOREIGN KEY (`studentCourseID`) REFERENCES `StudentCourse` (`studentCourseID`) ON DELETE CASCADE ON UPDATE CASCADE
) ENGINE=InnoDB AUTO_INCREMENT=15 DEFAULT CHARSET=latin1;
/*!40101 SET character_set_client = @saved_cs_client */;

--
-- Dumping data for table `AssessmentType`
--

LOCK TABLES `AssessmentType` WRITE;
/*!40000 ALTER TABLE `AssessmentType` DISABLE KEYS */;
INSERT INTO `AssessmentType` VALUES ('Homework',30,1167,9),('Quizes',30,1167,10),('Final',40,1167,11),('Lab 2',12,1278,2),('Lab 3',15,1278,3),('Lab 4',15,1278,4),('Exam 1',20,1278,5),('Exam 2',20,1278,6),('Attendance',8,1278,7),('Lab 1',10,1278,8),('Homework',30,1340,12),('Quizes',40,1340,13),('Homework',30,2206,14);
/*!40000 ALTER TABLE `AssessmentType` ENABLE KEYS */;
UNLOCK TABLES;

--
-- Table structure for table `CourseInfo`
--

DROP TABLE IF EXISTS `CourseInfo`;
/*!40101 SET @saved_cs_client     = @@character_set_client */;
/*!40101 SET character_set_client = utf8 */;
CREATE TABLE `CourseInfo` (
  `courseID` varchar(8) NOT NULL,
  `courseName` varchar(35) NOT NULL,
  `credits` int(11) NOT NULL,
  `courseInfoID` int(11) NOT NULL AUTO_INCREMENT,
  `courseDescription` varchar(200) NOT NULL,
  PRIMARY KEY (`courseInfoID`),
  UNIQUE KEY `course_name` (`courseName`),
  UNIQUE KEY `courseInfoID` (`courseInfoID`),
  UNIQUE KEY `courseID` (`courseID`)
) ENGINE=InnoDB AUTO_INCREMENT=630 DEFAULT CHARSET=latin1;
/*!40101 SET character_set_client = @saved_cs_client */;

--
-- Dumping data for table `CourseInfo`
--

LOCK TABLES `CourseInfo` WRITE;
/*!40000 ALTER TABLE `CourseInfo` DISABLE KEYS */;
INSERT INTO `CourseInfo` VALUES ('COP2210','Programming I',4,1,''),('COP3337','Programming II',3,2,''),('COP3530','Data Structures',3,3,''),('MAC2311','Calculus I',4,4,''),('MAC2312','Calculus II',4,5,''),('MAP2302','Differential Equations',3,6,''),('ENC1101','Writing and Rhetoric I',3,10,''),('EML2032','Programming for ME',3,11,''),('SYG2000','Introduction to Sociology',3,12,''),('THE2000','Theatre Appreciation',3,13,''),('COP4555','Principles of Programming Languages',3,14,''),('PHY2054','Physics without Calculus II ',4,15,''),('COT3541','Logic for Computer Science',3,16,''),('CDA3103','Fundamentals of Computer Systems',3,17,''),('EGN3365','Materials Eng',3,18,''),('COP4710','Computer Graphics',3,19,''),('CEN4010','Software Engineering 1',3,20,''),('CHM1045L','General Chemistry I Lab',1,21,''),('PHY2053','Physics without Calculus',4,22,''),('MAC2313','Multivariable Calculus',4,23,''),('AMH2041','Origins of American Civilization',3,24,''),('SLS1501','First Year Experience',1,25,''),('MAD2104','Discrete Mathematics',3,26,''),('EMA3702','Mech & Mat Science',3,28,''),('EGN3321','Dynamics',3,29,''),('EGN3311','Statics',3,31,''),('CEN4072','Software Testing',3,32,''),('EGN1033','Technology,Human and Society',3,33,''),('PHY2048L','Physics with Calculus Lab',1,34,''),('PHY2049L','Physics with Calculus II Lab',1,35,''),('MAD3512','Introduction to Theory of Algorithm',3,36,''),('ENC1102','Writing and Rhetoric II',3,37,''),('NSE3992','Natl Student Exch-',12,38,''),('CGS3095','Technology in the Global Arena',3,39,''),('TRF3000','Transfer Credit-Upper',3,40,''),('MAD3305','Graph Theory',3,41,''),('ARC2701','History of Architecture',3,42,''),('PHY2049','Physics with Calculus II',4,44,''),('CGS1920','Introduction to Computing',1,46,''),('MAS3105','Linear Algebra',3,47,''),('EGN3343','Thermodynamics I',3,48,''),('EGN1002','Engineering Orient',2,49,''),('MAD4203','Introduction to Combinatorics',3,50,''),('ASN3410','Intro to East Asia',3,52,''),('IDH1001','Honors Seminar I',3,53,''),('COP4338','Programming III',3,54,''),('CHM1045','General Chemistry I',3,55,''),('ENC3249','Professional and Technical Writing ',3,56,''),('PHY2048','Physics with Calculus',4,57,''),('ECO2013','Principles of Macroeconomics',3,58,''),('CDA4101','Structured Computer Organization',3,59,''),('CNT4713','Net-centric Computing',3,60,''),('BSC1010','General Biology I',3,62,''),('STA3033','Introduction to Probability and Sta',3,63,''),('EIN3354','Engineering Economy',3,64,''),('STA2122','Statistics for Behavioral and Socia',3,65,''),('EML1533','Intro to CAD for ME',3,66,''),('BSC1010L','General Biology I Lab',3,68,''),('ARH2000','Exploring Art',3,193,''),('HUM1020','Introduction to Humanities',3,194,''),('LIT1000','Introduction to Literature',3,195,''),('MUL1010','Music Literature/Music Appreciation',3,196,''),('PHI2010','Introduction to Philosophy',3,197,''),('AFH2000','African Civilizations',3,199,''),('AMH2042','Modern American Civilization',3,201,''),('EUH2011','Western Civ.: Early European Civili',3,203,''),('EUH2021','Western Civ.: Medieval to Modern Eu',3,204,''),('EUH2030','Western Civ.: Europe in the Modern ',3,205,''),('ENG2012','Approaches to Literature',3,206,''),('HUM3214','Ancient Classical Culture and Civil',3,207,''),('HUM3306','History of Ideas',3,208,''),('IDS3309','How We Know What We Know',3,209,''),('LAH2020','Latin American Civilization ',3,210,''),('PHH2063','Classics in Phil.: Intro.to the His',3,211,''),('PHI2600','Introduction to Ethics',3,212,''),('POT3013','Ancient and Medieval Political Theo',3,213,''),('REL2011','Religion: Analysis and Interpretati',3,214,''),('SPC3230','Rhetorical Comm.: A Theory Civil Di',3,215,''),('SPC3271','Rhetoric and Public Address',3,216,''),('WOH2001','World Civilization',3,217,''),('MAC1105','College Algebra',3,218,''),('MGF1106','Finite Math',3,220,''),('MGF1107','Math of Social Choice and Decision ',3,221,''),('STA2023','Statistics for Business and Economi',3,222,''),('CGS2518','Data Analysis',3,223,''),('COP2250','Programming in Java',3,225,''),('MAC1140','Pre-Calculus Algebra',3,226,''),('MAC1114','Trigonometry',3,227,''),('MAC1147','Pre-Calculus Algebra and Trigonomet',4,228,''),('MAC2233','Calculus for Business',3,229,''),('MTG1204','Geometry for Education',3,232,''),('PHI2100','Introduction to Logic',3,233,''),('STA3111','Statistics I',3,235,''),('STA3145','Statistics for the Health Professio',3,236,''),('AMH2020','American History 1850 to Present',3,237,''),('ANT2000','Introduction to Anthropology',3,238,''),('POS2041','American Government',3,240,''),('PSY2012','Introduction to Psychology',3,241,''),('AFA2004','Black Popular Cultures: Global Dime',3,243,''),('AMH3560','The History of Women in the U.S.',3,244,''),('ANT3212','World Ethnographies',3,245,''),('ANT3241','Myth, Ritual and Mysticism',3,246,''),('ANT3451','Anthropology of Race and Ethnicity',3,247,''),('COM3461','Intercultural/Interracial Communica',3,249,''),('CPO2002','Introduction to Comparative Politic',3,250,''),('CPO3103','Politics of Western Europe',3,251,''),('CPO3304','Politics of Latin America',3,252,''),('DEP2000','Human Growth and Development',3,253,''),('ECO2023','Principles of Microeconomics',3,254,''),('ECS3003','Comparative Economic Systems',3,255,''),('ECS3021','Women, Culture, and Economic Develo',3,256,''),('EDF3521','Education in History',3,257,''),('EVR1017','The Global Environment and Society',3,259,''),('GEA2000','Introduction to Geography',3,260,''),('IDS3163','Global Supply Chains and Logistics',3,261,''),('IDS3183','Health Without Borders',3,262,''),('IDS3189','Int’l Nutr., Pub. Health and Eco.',3,263,''),('IDS3301','The Culture of Capitalism and Globa',3,264,''),('IDS3315','Gaining Global Perspectives',3,265,''),('IDS3333','Div. of Meaning: Language, Culture,',3,266,''),('INP2002','Intro. Industrial/Organizational Ps',3,267,''),('INR2001','Introduction to International Relat',3,268,''),('INR3081','Contemporary International Problems',3,269,''),('LBS3001','Introduction to Labor Studies',3,270,''),('POT3302','Political Ideologies',3,271,''),('REL3306','Studies in World Religions',3,272,''),('SOP3004','Introductory Social Psychology',3,273,''),('SOP3015','Social and Personality Development',3,274,''),('SPC3210','Communication Theory',3,275,''),('SYD3804','Sociology of Gender',3,276,''),('SYG2010','Social Problems',3,277,''),('SYG3002','Basic Ideas of Sociology',3,278,''),('SYP3000','The Individual in Society',3,279,''),('WST3015','Intro to Global Gender and Women’',3,280,''),('WST3641','LGBT and Beyond: Sexualities in Gl.',3,281,''),('AST1002','Descriptive Astronomy',3,282,''),('AST1002L','Descriptive Astronomy Lab',3,283,''),('CHM1020','Chemistry for Liberal Studies',3,286,''),('CHM1020L','Chemistry for Liberal Studies Lab',3,287,''),('EVR1001','Intro. To Environ. Sciences',3,290,''),('EVR1001L','Intro. To Environ. Sciences Lab',1,291,''),('ESC1000','Intro. To Earth Science',3,292,''),('ESC1000L','Intro. To Earth Science Lab',1,293,''),('PHY1020','Understanding the Physical World',3,294,''),('PHY1020L','Understanding the Physical World La',1,295,''),('PHY2053L','Physics without Calculus Lab',1,299,''),('BSC1085','Anatomy and Physiology',3,300,''),('BSC1085L','Anatomy and Physiology Lab',1,301,''),('AST2003','Solar System Astronomy',3,302,''),('AST2003L','Solar System Astronomy Lab',1,303,''),('BOT1010','Introductory Botany',3,304,''),('BOT1010L','Introductory Botany Lab',1,305,''),('BSC1011','General Biology II',3,306,''),('BSC1011L','General Biology II Lab',1,307,''),('BSC2023','Human Biology',3,308,''),('BSC2023L','Human Biology Lab',1,309,''),('CHM1033','Survey of Chemistry',4,310,''),('CHM1033L','Survey of Chemistry Lab',1,311,''),('CHS3501','Survey of Forensic Science',3,312,''),('CHS3501L','Survey of Forensic Science Lab',1,313,''),('EVR3011','Environ. Resources and Poll.',3,314,''),('EVR3011L','Environ. Resources and Poll. Lab',1,315,''),('EVR3013','Ecology of South Florida',3,316,''),('EVR3013L','Ecology of South Florida Lab',1,317,''),('GEO3510','Earth Resources',3,318,''),('GEO3510L','Earth Resources Lab',1,319,''),('GLY1010','Physical Geology',3,320,''),('GLY1010L','Physical Geology Lab',1,321,''),('GLY3039','Environmental Geology',3,322,''),('GLY3039L','Environmental Geology Lab',1,323,''),('HUN2000','Found. of Nutritional Sci.',3,324,''),('HUN2000L','Found. of Nutritional Sci. Lab',1,325,''),('IDS3211','Global Climate Change',3,326,''),('IDS3211L','Global Climate Change Lab',1,327,''),('IDS3212','The Global Scientific Revolution an',1,328,''),('IDS3214','Coastal Environment from the Bay to',3,330,''),('MET2010','Meteor. Atmos. Physics',3,331,''),('MET2010L','Meteor. Atmos. Physics Lab',1,332,''),('MCB2000','Intro. Microbiology',3,333,''),('MCB2000L','Intro. Microbiology Lab',1,334,''),('OCB2003','Introductory Marine Biology',3,335,''),('OCB2003L','Introductory Marine Biology Lab',1,336,''),('OCE3014','Oceanography',3,337,''),('OCE3014L','Oceanography Lab',1,338,''),('PCB2099','Found. of Human Physiol.',3,339,''),('PCB2099L','Found. of Human Physiol. Lab',1,340,''),('PHY2054L','Physics without Calculus II Lab',1,344,''),('ARH2050','Art History Survey I',3,345,''),('ARH2051','Art History Survey II',3,346,''),('COM3417','Communication in Film',3,347,''),('CRW2001','ntroduction to Creative Writing',3,349,''),('DAA1100','Modern Dance Techniques I',3,350,''),('DAA1200','Ballet Techniques I',3,351,''),('ENL3504','British Literature to 1660',3,352,''),('ENL3506','British Literature Since 1660',3,353,''),('IDS3336','Artistic Expression in a Global Soc',3,354,''),('MUH2116','Evolution of Jazz',3,355,''),('SPC2608','Public Speaking',3,356,''),('TPP2100','Introduction to Acting',3,357,''),('CIS4911','Senior Project',3,370,''),('COP4610','Operating Syst Princ',3,377,''),('CAP4453','Robot Vision',3,384,''),('CAP4770','Data Mining',3,386,''),('CEN4021','Software Engineering 2',3,387,''),('CEN4083','Cloud Computing',3,389,''),('COP4226','Advanced Windows Programming',3,390,''),('COP4520','Introduction to Parallel Computing',3,391,''),('COP4534','Algorithm Techniques',3,392,''),('COP4604','Advanced Unix Prog',3,393,''),('COP4722','Survey of Database Systems',3,394,''),('MAD3401','Numerical Analysis',3,396,''),('MHF4302','Mathematical Logic',3,398,''),('EGN1110C','Engineering Drawing',3,567,''),('EGN1100','Intro To Engineering',2,570,''),('EIN3235','Eval Engr Data I',3,571,''),('EEL2880','Engr Software Tech',3,574,''),('EEL3110','Circuit Analysis',3,575,''),('EEL3110L','Circuits Lab',1,576,''),('EEL3120','Intro to Linear Systems',3,577,''),('EEL3135','Signals And Systems',3,578,''),('EEL3712','Logic Design I',3,579,''),('EEL3712L','Logic Design I Lab',1,580,''),('EEL4920','Senior Design I',2,581,''),('EEL4921C','Senior Design II',2,582,''),('EEE3303','Electronics I',3,583,''),('EEE3303L','Electronics I Lab',1,584,''),('EEL4213','Power Systems I',3,585,''),('EEL4213L','Energy Convrg Lab',1,586,''),('EEL4410','Fields and Waves',3,587,''),('EEL4214','Power Systems II',3,590,''),('EEL4215','Power Systems III',3,591,''),('EEL4241','Power Electronics',3,592,''),('EEL3657','Control Systems I',3,593,''),('EEL4611','Control Systems II',3,594,''),('EEL4611L','Systems Lab',1,595,''),('EEE3396','Solid State Devices',3,600,''),('EEE4304','Electronics II',3,601,''),('EEE4304L','Electronics II Lab',1,602,''),('EEE4314','Integrated Circ Syst',3,603,''),('EEE4314L','Integrated Ckt. Lab',1,604,''),('EEE4421C','Intro to Nanofab',3,605,''),('EEE4463','MEMS I',3,606,''),('EEE4464','MEMS II',3,607,''),('EEL3514','Comm Systems',3,608,''),('EEL3514L','Comm Sys Lab',1,609,''),('EEL4461C','Antennas',3,610,''),('EEL4510','Intro To Dsp',3,611,''),('EEL4515','Adv Comm Systems',3,612,''),('EEE4202C','Med Instrum Design',4,615,''),('EEL4140','Filter Design',3,617,''),('EEL3160','Comp Appl Elect Engr',3,619,''),('EEL4730','Programming Embedded Systms',3,620,''),('EEL4734','Embedded Operating Systems',3,621,''),('EEL4749','Embedded System',3,622,''),('EEL4831','Embedded GUI Programming',3,623,''),('EEE4343','Intro Digital Elect',3,624,''),('EEL4709C','Computer Design',3,625,''),('EEL4746','Microcomputers I',3,626,''),('EEL4746L','Microcomputers I Lab',1,627,''),('EEL4747','RISC',3,628,''),('EEL4747L','Microcomputers II Lab',1,629,'');
/*!40000 ALTER TABLE `CourseInfo` ENABLE KEYS */;
UNLOCK TABLES;

--
-- Table structure for table `GraduatePrograms`
--

DROP TABLE IF EXISTS `GraduatePrograms`;
/*!40101 SET @saved_cs_client     = @@character_set_client */;
/*!40101 SET character_set_client = utf8 */;
CREATE TABLE `GraduatePrograms` (
  `graduateProgram` varchar(50) NOT NULL,
  `requiredGPA` double(3,2) NOT NULL,
  `graduateProgramID` int(11) NOT NULL AUTO_INCREMENT,
  PRIMARY KEY (`graduateProgramID`)
) ENGINE=InnoDB AUTO_INCREMENT=4 DEFAULT CHARSET=latin1;
/*!40101 SET character_set_client = @saved_cs_client */;

--
-- Dumping data for table `GraduatePrograms`
--

LOCK TABLES `GraduatePrograms` WRITE;
/*!40000 ALTER TABLE `GraduatePrograms` DISABLE KEYS */;
INSERT INTO `GraduatePrograms` VALUES ('Masters in IT',3.20,1),('Masters in Mathematics',2.80,2),('Masters in Computer Science',3.00,3);
/*!40000 ALTER TABLE `GraduatePrograms` ENABLE KEYS */;
UNLOCK TABLES;

--
-- Table structure for table `LoginAttempts`
--

DROP TABLE IF EXISTS `LoginAttempts`;
/*!40101 SET @saved_cs_client     = @@character_set_client */;
/*!40101 SET character_set_client = utf8 */;
CREATE TABLE `LoginAttempts` (
  `userName` varchar(35) NOT NULL,
  `time` timestamp NOT NULL DEFAULT CURRENT_TIMESTAMP
) ENGINE=InnoDB DEFAULT CHARSET=latin1;
/*!40101 SET character_set_client = @saved_cs_client */;

--
-- Dumping data for table `LoginAttempts`
--

LOCK TABLES `LoginAttempts` WRITE;
/*!40000 ALTER TABLE `LoginAttempts` DISABLE KEYS */;
INSERT INTO `LoginAttempts` VALUES ('pdoe','0000-00-00 00:00:00'),('pdoe','0000-00-00 00:00:00'),('pdoe','0000-00-00 00:00:00'),('pdoe','0000-00-00 00:00:00'),('jdoe','0000-00-00 00:00:00'),('pdoe','0000-00-00 00:00:00'),('pdoe','0000-00-00 00:00:00'),('mdoe','0000-00-00 00:00:00'),('mdoe','0000-00-00 00:00:00'),('mdoe','0000-00-00 00:00:00'),('mdoe','0000-00-00 00:00:00'),('admin','0000-00-00 00:00:00'),('admin','0000-00-00 00:00:00'),('mdoe','0000-00-00 00:00:00');
/*!40000 ALTER TABLE `LoginAttempts` ENABLE KEYS */;
UNLOCK TABLES;

--
-- Table structure for table `Major`
--

DROP TABLE IF EXISTS `Major`;
/*!40101 SET @saved_cs_client     = @@character_set_client */;
/*!40101 SET character_set_client = utf8 */;
CREATE TABLE `Major` (
  `majorName` varchar(35) NOT NULL,
  `majorID` int(11) NOT NULL AUTO_INCREMENT,
  PRIMARY KEY (`majorID`)
) ENGINE=InnoDB AUTO_INCREMENT=4 DEFAULT CHARSET=latin1;
/*!40101 SET character_set_client = @saved_cs_client */;

--
-- Dumping data for table `Major`
--

LOCK TABLES `Major` WRITE;
/*!40000 ALTER TABLE `Major` DISABLE KEYS */;
INSERT INTO `Major` VALUES ('Computer Science',1),('Math',2),('Electrical Engineering',3);
/*!40000 ALTER TABLE `Major` ENABLE KEYS */;
UNLOCK TABLES;

--
-- Table structure for table `MajorBucket`
--

DROP TABLE IF EXISTS `MajorBucket`;
/*!40101 SET @saved_cs_client     = @@character_set_client */;
/*!40101 SET character_set_client = utf8 */;
CREATE TABLE `MajorBucket` (
  `bucketID` int(11) NOT NULL AUTO_INCREMENT,
  `majorID` int(11) NOT NULL,
  `dateStart` date NOT NULL,
  `dateEnd` date NOT NULL,
  `description` varchar(35) NOT NULL,
  `allRequired` tinyint(1) NOT NULL,
  `quantityNeeded` int(11) NOT NULL,
  `quantification` varchar(35) NOT NULL,
  `parentID` int(11) DEFAULT NULL,
  PRIMARY KEY (`bucketID`),
  UNIQUE KEY `majorID_2` (`majorID`,`description`),
  KEY `majorID` (`majorID`),
  KEY `parentID` (`parentID`),
  CONSTRAINT `MajorBucket_ibfk_1` FOREIGN KEY (`majorID`) REFERENCES `Major` (`majorID`) ON DELETE CASCADE ON UPDATE CASCADE,
  CONSTRAINT `MajorBucket_ibfk_2` FOREIGN KEY (`parentID`) REFERENCES `MajorBucket` (`bucketID`) ON DELETE CASCADE ON UPDATE CASCADE
) ENGINE=InnoDB AUTO_INCREMENT=329 DEFAULT CHARSET=latin1;
/*!40101 SET character_set_client = @saved_cs_client */;

--
-- Dumping data for table `MajorBucket`
--

LOCK TABLES `MajorBucket` WRITE;
/*!40000 ALTER TABLE `MajorBucket` DISABLE KEYS */;
INSERT INTO `MajorBucket` VALUES (279,1,'0000-00-00','9999-12-31','First Year Experience',1,1,'credit',NULL),(280,1,'0000-00-00','9999-12-31','Communication',0,6,'credits',NULL),(281,1,'0000-00-00','9999-12-31','Humanities',0,6,'credits',NULL),(282,1,'0000-00-00','9999-12-31','Humanities - Group 1',0,3,'credits',281),(283,1,'0000-00-00','9999-12-31','Humanities - Group 2',0,0,'credits',281),(284,1,'0000-00-00','9999-12-31','Mathematics',0,6,'credits',NULL),(285,1,'0000-00-00','9999-12-31','Mathematics - Group 1',0,3,'credits',284),(286,1,'0000-00-00','9999-12-31','Mathematics - Group 2',0,3,'credits',284),(287,1,'0000-00-00','9999-12-31','Social Sciences',0,3,'credits',NULL),(288,1,'0000-00-00','9999-12-31','Social Sciences - Group 1',0,3,'credits',287),(289,1,'0000-00-00','9999-12-31','Social Sciences - Group 2',0,3,'credits',287),(290,1,'0000-00-00','9999-12-31','Natural Sciences',0,6,'credits',NULL),(291,1,'0000-00-00','9999-12-31','Natural Sciences - Group 1',0,3,'credits',290),(292,1,'0000-00-00','9999-12-31','Natural Sciences - Group 2',0,3,'credits',290),(293,1,'0000-00-00','9999-12-31','Arts',0,3,'credits',NULL),(294,1,'0000-00-00','9999-12-31','CS Prerequisites',1,7,'courses',NULL),(295,1,'0000-00-00','9999-12-31','CS Core Courses',1,18,'courses',NULL),(296,1,'0000-00-00','9999-12-31','CS Elective Courses',1,3,'courses',NULL),(297,1,'0000-00-00','9999-12-31','CS Science Elective Courses',1,3,'courses',NULL),(298,3,'0000-00-00','9999-12-31','First Year Experience',1,1,'credit',NULL),(299,3,'0000-00-00','9999-12-31','Communication',0,6,'credits',NULL),(300,3,'0000-00-00','9999-12-31','Humanities',0,6,'credits',NULL),(301,3,'0000-00-00','9999-12-31','Humanities - Group 1',0,3,'credits',300),(302,3,'0000-00-00','9999-12-31','Humanities - Group 2',0,0,'credits',300),(303,3,'0000-00-00','9999-12-31','Mathematics',0,6,'credits',NULL),(304,3,'0000-00-00','9999-12-31','Mathematics - Group 1',0,3,'credits',303),(305,3,'0000-00-00','9999-12-31','Mathematics - Group 2',0,3,'credits',303),(306,3,'0000-00-00','9999-12-31','Social Sciences',0,3,'credits',NULL),(307,3,'0000-00-00','9999-12-31','Social Sciences - Group 1',0,3,'credits',306),(308,3,'0000-00-00','9999-12-31','Social Sciences - Group 2',0,3,'credits',306),(309,3,'0000-00-00','9999-12-31','Natural Sciences',0,6,'credits',NULL),(310,3,'0000-00-00','9999-12-31','Natural Sciences - Group 1',0,3,'credits',309),(311,3,'0000-00-00','9999-12-31','Natural Sciences - Group 2',0,3,'credits',309),(312,3,'0000-00-00','9999-12-31','Arts',0,3,'credits',NULL),(313,3,'0000-00-00','9999-12-31','Mathematics and Sciences',1,10,'courses',NULL),(314,3,'0000-00-00','9999-12-31','CAD requirement',1,3,'credits',NULL),(315,3,'0000-00-00','9999-12-31','Engineering Orientation',1,2,'credits',NULL),(316,3,'0000-00-00','9999-12-31','Additional Required Engineering Bre',1,9,'credits',NULL),(317,3,'0000-00-00','9999-12-31','ECE Courses',1,7,'courses',NULL),(318,3,'0000-00-00','9999-12-31','Senior Design',1,4,'credits',NULL),(319,3,'0000-00-00','9999-12-31','Electrical Engineering (EE) Program',1,5,'courses',NULL),(320,3,'0000-00-00','9999-12-31','CONCENTRATION REQUIREMENTS',0,2,'buckets',NULL),(321,3,'0000-00-00','9999-12-31','Power / Energy',0,9,'credits',320),(322,3,'0000-00-00','9999-12-31','Integrated Nano-technology',0,9,'credits',320),(323,3,'0000-00-00','9999-12-31','Control Systems',1,9,'credits',320),(324,3,'0000-00-00','9999-12-31','Bio-Engineering',1,9,'credits',320),(325,3,'0000-00-00','9999-12-31','Communications',1,9,'credits',320),(326,3,'0000-00-00','9999-12-31','Embedded Systems',1,9,'credits',320),(327,3,'0000-00-00','9999-12-31','Computer Architecture and Microproc',1,9,'credits',320),(328,3,'0000-00-00','9999-12-31','Data System Software',1,9,'credits',320);
/*!40000 ALTER TABLE `MajorBucket` ENABLE KEYS */;
UNLOCK TABLES;

--
-- Table structure for table `MajorBucketRequiredCourses`
--

DROP TABLE IF EXISTS `MajorBucketRequiredCourses`;
/*!40101 SET @saved_cs_client     = @@character_set_client */;
/*!40101 SET character_set_client = utf8 */;
CREATE TABLE `MajorBucketRequiredCourses` (
  `bucketID` int(11) NOT NULL,
  `courseInfoID` int(11) NOT NULL,
  `minimumGrade` varchar(2) NOT NULL,
  PRIMARY KEY (`bucketID`,`courseInfoID`),
  KEY `courseInfoID` (`courseInfoID`),
  KEY `bucketID` (`bucketID`),
  CONSTRAINT `MajorBucketRequiredCourses_ibfk_1` FOREIGN KEY (`courseInfoID`) REFERENCES `CourseInfo` (`courseInfoID`) ON DELETE CASCADE ON UPDATE CASCADE,
  CONSTRAINT `MajorBucketRequiredCourses_ibfk_2` FOREIGN KEY (`bucketID`) REFERENCES `MajorBucket` (`bucketID`) ON DELETE CASCADE ON UPDATE CASCADE
) ENGINE=InnoDB DEFAULT CHARSET=latin1;
/*!40101 SET character_set_client = @saved_cs_client */;

--
-- Dumping data for table `MajorBucketRequiredCourses`
--

LOCK TABLES `MajorBucketRequiredCourses` WRITE;
/*!40000 ALTER TABLE `MajorBucketRequiredCourses` DISABLE KEYS */;
INSERT INTO `MajorBucketRequiredCourses` VALUES (279,25,'C'),(280,10,'C'),(280,37,'C'),(282,13,'D-'),(282,193,'D-'),(282,194,'D-'),(282,195,'D-'),(282,196,'D-'),(282,197,'D-'),(283,24,'D-'),(283,42,'D-'),(283,199,'D-'),(283,201,'D-'),(283,203,'D-'),(283,204,'D-'),(283,205,'D-'),(283,206,'D-'),(283,207,'D-'),(283,208,'D-'),(283,209,'D-'),(283,210,'D-'),(283,211,'D-'),(283,212,'D-'),(283,213,'D-'),(283,214,'D-'),(283,215,'D-'),(283,216,'D-'),(283,217,'D-'),(285,4,'C'),(285,218,'C'),(285,220,'C'),(285,221,'C'),(285,222,'C'),(286,1,'C'),(286,5,'C'),(286,23,'C'),(286,65,'C'),(286,223,'C'),(286,225,'C'),(286,226,'C'),(286,227,'C'),(286,228,'C'),(286,229,'C'),(286,232,'C'),(286,233,'C'),(286,235,'C'),(286,236,'C'),(288,12,'D-'),(288,58,'D-'),(288,237,'D-'),(288,238,'D-'),(288,240,'D-'),(288,241,'D-'),(289,33,'D-'),(289,52,'D-'),(289,243,'D-'),(289,244,'D-'),(289,245,'D-'),(289,246,'D-'),(289,247,'D-'),(289,249,'D-'),(289,250,'D-'),(289,251,'D-'),(289,252,'D-'),(289,253,'D-'),(289,254,'D-'),(289,255,'D-'),(289,256,'D-'),(289,257,'D-'),(289,259,'D-'),(289,260,'D-'),(289,261,'D-'),(289,262,'D-'),(289,263,'D-'),(289,264,'D-'),(289,265,'D-'),(289,266,'D-'),(289,267,'D-'),(289,268,'D-'),(289,269,'D-'),(289,270,'D-'),(289,271,'D-'),(289,272,'D-'),(289,273,'D-'),(289,274,'D-'),(289,275,'D-'),(289,276,'D-'),(289,277,'D-'),(289,278,'D-'),(289,279,'D-'),(289,280,'D-'),(289,281,'D-'),(291,21,'D-'),(291,22,'D-'),(291,34,'D-'),(291,55,'D-'),(291,57,'D-'),(291,62,'D-'),(291,68,'D-'),(291,282,'D-'),(291,283,'D-'),(291,286,'D-'),(291,287,'D-'),(291,290,'D-'),(291,291,'D-'),(291,292,'D-'),(291,293,'D-'),(291,294,'D-'),(291,295,'D-'),(291,299,'D-'),(291,300,'D-'),(291,301,'D-'),(292,15,'D-'),(292,35,'D-'),(292,44,'D-'),(292,302,'D-'),(292,303,'D-'),(292,304,'D-'),(292,305,'D-'),(292,306,'D-'),(292,307,'D-'),(292,308,'D-'),(292,309,'D-'),(292,310,'D-'),(292,311,'D-'),(292,312,'D-'),(292,313,'D-'),(292,314,'D-'),(292,315,'D-'),(292,316,'D-'),(292,317,'D-'),(292,318,'D-'),(292,319,'D-'),(292,320,'D-'),(292,321,'D-'),(292,322,'D-'),(292,323,'D-'),(292,324,'D-'),(292,325,'D-'),(292,326,'D-'),(292,327,'D-'),(292,328,'D-'),(292,330,'D-'),(292,331,'D-'),(292,332,'D-'),(292,333,'D-'),(292,334,'D-'),(292,335,'D-'),(292,336,'D-'),(292,337,'D-'),(292,338,'D-'),(292,339,'D-'),(292,340,'D-'),(292,344,'D-'),(293,53,'C'),(293,345,'D-'),(293,346,'D-'),(293,347,'D-'),(293,349,'D-'),(293,350,'D-'),(293,351,'D-'),(293,352,'D-'),(293,353,'D-'),(293,354,'D-'),(293,355,'D-'),(293,356,'D-'),(293,357,'D-'),(294,1,'C'),(294,4,'C'),(294,5,'C'),(294,34,'C'),(294,35,'C'),(294,44,'C'),(294,57,'C'),(295,2,'C'),(295,3,'C'),(295,14,'C'),(295,16,'C'),(295,17,'C'),(295,19,'C'),(295,20,'C'),(295,26,'C'),(295,36,'C'),(295,39,'C'),(295,46,'C'),(295,54,'C'),(295,56,'C'),(295,59,'C'),(295,60,'C'),(295,63,'C'),(295,370,'C'),(295,377,'C'),(296,19,'C'),(296,32,'C'),(296,41,'C'),(296,50,'C'),(296,384,'C'),(296,386,'C'),(296,387,'C'),(296,389,'C'),(296,390,'C'),(296,391,'C'),(296,392,'C'),(296,393,'C'),(296,394,'C'),(296,396,'C'),(296,398,'C'),(297,41,'C'),(297,50,'C'),(297,55,'C'),(297,62,'C'),(297,306,'C'),(297,320,'C'),(297,390,'C'),(298,25,'C'),(299,10,'C'),(299,37,'C'),(301,13,'D-'),(301,193,'D-'),(301,194,'D-'),(301,195,'D-'),(301,196,'D-'),(301,197,'D-'),(302,24,'D-'),(302,42,'D-'),(302,199,'D-'),(302,201,'D-'),(302,203,'D-'),(302,204,'D-'),(302,205,'D-'),(302,206,'D-'),(302,207,'D-'),(302,208,'D-'),(302,209,'D-'),(302,210,'D-'),(302,211,'D-'),(302,212,'D-'),(302,213,'D-'),(302,214,'D-'),(302,215,'D-'),(302,216,'D-'),(302,217,'D-'),(304,4,'C'),(304,218,'C'),(304,220,'C'),(304,221,'C'),(304,222,'C'),(305,1,'C'),(305,5,'C'),(305,23,'C'),(305,65,'C'),(305,223,'C'),(305,225,'C'),(305,226,'C'),(305,227,'C'),(305,228,'C'),(305,229,'C'),(305,232,'C'),(305,233,'C'),(305,235,'C'),(305,236,'C'),(307,12,'D-'),(307,58,'D-'),(307,237,'D-'),(307,238,'D-'),(307,240,'D-'),(307,241,'D-'),(308,33,'D-'),(308,52,'D-'),(308,243,'D-'),(308,244,'D-'),(308,245,'D-'),(308,246,'D-'),(308,247,'D-'),(308,249,'D-'),(308,250,'D-'),(308,251,'D-'),(308,252,'D-'),(308,253,'D-'),(308,254,'D-'),(308,255,'D-'),(308,256,'D-'),(308,257,'D-'),(308,259,'D-'),(308,260,'D-'),(308,261,'D-'),(308,262,'D-'),(308,263,'D-'),(308,264,'D-'),(308,265,'D-'),(308,266,'D-'),(308,267,'D-'),(308,268,'D-'),(308,269,'D-'),(308,270,'D-'),(308,271,'D-'),(308,272,'D-'),(308,273,'D-'),(308,274,'D-'),(308,275,'D-'),(308,276,'D-'),(308,277,'D-'),(308,278,'D-'),(308,279,'D-'),(308,280,'D-'),(308,281,'D-'),(310,21,'D-'),(310,22,'D-'),(310,34,'D-'),(310,55,'D-'),(310,57,'D-'),(310,62,'D-'),(310,68,'D-'),(310,282,'D-'),(310,283,'D-'),(310,286,'D-'),(310,287,'D-'),(310,290,'D-'),(310,291,'D-'),(310,292,'D-'),(310,293,'D-'),(310,294,'D-'),(310,295,'D-'),(310,299,'D-'),(310,300,'D-'),(310,301,'D-'),(311,15,'D-'),(311,35,'D-'),(311,44,'D-'),(311,302,'D-'),(311,303,'D-'),(311,304,'D-'),(311,305,'D-'),(311,306,'D-'),(311,307,'D-'),(311,308,'D-'),(311,309,'D-'),(311,310,'D-'),(311,311,'D-'),(311,312,'D-'),(311,313,'D-'),(311,314,'D-'),(311,315,'D-'),(311,316,'D-'),(311,317,'D-'),(311,318,'D-'),(311,319,'D-'),(311,320,'D-'),(311,321,'D-'),(311,322,'D-'),(311,323,'D-'),(311,324,'D-'),(311,325,'D-'),(311,326,'D-'),(311,327,'D-'),(311,328,'D-'),(311,330,'D-'),(311,331,'D-'),(311,332,'D-'),(311,333,'D-'),(311,334,'D-'),(311,335,'D-'),(311,336,'D-'),(311,337,'D-'),(311,338,'D-'),(311,339,'D-'),(311,340,'D-'),(311,344,'D-'),(312,53,'C'),(312,345,'D-'),(312,346,'D-'),(312,347,'D-'),(312,349,'D-'),(312,350,'D-'),(312,351,'D-'),(312,352,'D-'),(312,353,'D-'),(312,354,'D-'),(312,355,'D-'),(312,356,'D-'),(312,357,'D-'),(313,4,'C'),(313,5,'C'),(313,6,'C'),(313,21,'C'),(313,23,'C'),(313,35,'C'),(313,44,'C'),(313,55,'C'),(313,57,'C'),(314,567,'D-'),(315,49,'D-'),(315,570,'D-'),(316,64,'C'),(317,574,'C-'),(317,575,'C-'),(317,576,'C-'),(317,577,'C-'),(317,578,'C-'),(317,579,'C-'),(317,580,'C-'),(318,581,'C-'),(318,582,'C-'),(321,585,'C-'),(321,586,'C-'),(321,590,'C-'),(321,591,'C-'),(321,592,'C-'),(322,583,'C-'),(322,584,'C-'),(322,600,'C-'),(322,601,'C-'),(322,602,'C-'),(322,603,'C-'),(322,604,'C-'),(322,605,'C-'),(322,606,'C-'),(322,607,'C-'),(323,29,'C-'),(323,31,'C-'),(323,593,'C-'),(323,594,'C-'),(323,595,'C-'),(324,583,'C-'),(324,584,'C-'),(324,605,'C-'),(324,611,'C-'),(324,615,'C-'),(324,617,'C-'),(325,608,'C-'),(325,609,'C-'),(325,610,'C-'),(325,611,'C-'),(325,612,'C-'),(326,619,'C-'),(326,620,'C-'),(326,621,'C-'),(326,622,'C-'),(326,623,'C-'),(328,1,'C-'),(328,2,'C-'),(328,3,'C-'),(328,26,'C-'),(328,54,'C-'),(328,377,'C-'),(328,393,'C-');
/*!40000 ALTER TABLE `MajorBucketRequiredCourses` ENABLE KEYS */;
UNLOCK TABLES;

--
-- Table structure for table `PDFToBucket`
--

DROP TABLE IF EXISTS `PDFToBucket`;
/*!40101 SET @saved_cs_client     = @@character_set_client */;
/*!40101 SET character_set_client = utf8 */;
CREATE TABLE `PDFToBucket` (
  `pdfName` varchar(100) NOT NULL,
  `bucketName` varchar(35) NOT NULL,
  PRIMARY KEY (`pdfName`,`bucketName`)
) ENGINE=InnoDB DEFAULT CHARSET=latin1;
/*!40101 SET character_set_client = @saved_cs_client */;

--
-- Dumping data for table `PDFToBucket`
--

LOCK TABLES `PDFToBucket` WRITE;
/*!40000 ALTER TABLE `PDFToBucket` DISABLE KEYS */;
INSERT INTO `PDFToBucket` VALUES ('Additional Required Engineering Breadth','Additional Required Engineering Bre'),('Arts','Arts'),('Bio-Engineering','Bio-Engineering'),('CAD requirement','CAD requirement'),('Communications','Communications'),('Computer Architecture & Microprocessor Design','Computer Architecture and Microproc'),('Control Systems','Control Systems'),('Core Courses','CS Core Courses'),('Data System Software','Data System Software'),('ECE Courses','ECE Courses'),('Electives','CS Science Elective Courses'),('Electrical Engineering (EE) Program Core','Electrical Engineering (EE) Program'),('Embedded Systems','Embedded Systems'),('Engineering Orientation','Engineering Orientation'),('English Composition','Communication'),('First Year Experience','First Year Experience'),('Humanities - Group One','Humanities - Group 1'),('Humanities - Group Two','Humanities - Group 2'),('Integrated Nano-technology','Integrated Nano-technology'),('Mathematics and Sciences','Mathematics and Sciences'),('Mathematics Group One','Mathematics - Group 1'),('Mathematics Group Two','Mathematics - Group 2'),('NATURAL SCIENCE - GROUP TWO','Natural Sciences - Group 2'),('Natural Science Additional','CS Science Elective Courses'),('NATURAL SCIENCES - GROUP ONE','Natural Sciences - Group 1'),('Power / Energy','Power / Energy'),('Prerequisites','CS Prerequisites'),('Senior Design','Senior Design'),('Social Science Group One','Social Sciences - Group 1'),('Social Science Group Two','Social Sciences - Group 2');
/*!40000 ALTER TABLE `PDFToBucket` ENABLE KEYS */;
UNLOCK TABLES;

--
-- Table structure for table `StudentCourse`
--

DROP TABLE IF EXISTS `StudentCourse`;
/*!40101 SET @saved_cs_client     = @@character_set_client */;
/*!40101 SET character_set_client = utf8 */;
CREATE TABLE `StudentCourse` (
  `grade` varchar(2) NOT NULL,
  `weight` int(11) NOT NULL,
  `relevance` int(11) NOT NULL,
  `studentCourseID` int(11) NOT NULL AUTO_INCREMENT,
  `semester` varchar(10) NOT NULL,
  `year` int(11) NOT NULL,
  `courseInfoID` int(11) NOT NULL,
  `selected` tinyint(1) NOT NULL,
  `userID` int(11) NOT NULL,
  `referenceBucket` int(11) DEFAULT NULL,
  PRIMARY KEY (`studentCourseID`),
  UNIQUE KEY `grade` (`grade`,`weight`,`relevance`,`semester`,`year`,`courseInfoID`,`selected`,`userID`,`referenceBucket`),
  UNIQUE KEY `grade_2` (`grade`,`weight`,`relevance`,`semester`,`year`,`courseInfoID`,`selected`,`userID`,`referenceBucket`),
  KEY `userID` (`userID`),
  KEY `courseInfoID` (`courseInfoID`),
  CONSTRAINT `StudentCourse_ibfk_1` FOREIGN KEY (`userID`) REFERENCES `Users` (`userID`) ON DELETE CASCADE ON UPDATE CASCADE,
  CONSTRAINT `StudentCourse_ibfk_2` FOREIGN KEY (`courseInfoID`) REFERENCES `CourseInfo` (`courseInfoID`) ON DELETE CASCADE ON UPDATE CASCADE
) ENGINE=InnoDB AUTO_INCREMENT=2209 DEFAULT CHARSET=latin1;
/*!40101 SET character_set_client = @saved_cs_client */;

--
-- Dumping data for table `StudentCourse`
--

LOCK TABLES `StudentCourse` WRITE;
/*!40000 ALTER TABLE `StudentCourse` DISABLE KEYS */;
INSERT INTO `StudentCourse` VALUES ('A',0,0,1296,'Fall',2010,23,0,1,NULL),('A',0,0,1155,'Fall',2010,23,0,2,NULL),('A',0,0,1235,'Fall',2010,23,0,2,NULL),('A',0,0,1482,'Fall',2010,23,0,2,NULL),('A',0,0,1544,'Fall',2010,23,0,2,NULL),('A',0,0,1358,'Fall',2010,23,0,5,NULL),('A',0,0,1420,'Fall',2010,23,0,5,NULL),('A',0,0,1606,'Fall',2010,23,0,6,NULL),('A',0,0,1668,'Fall',2010,23,0,6,NULL),('A',0,0,1730,'Fall',2010,23,0,6,NULL),('A',0,0,1792,'Fall',2010,23,0,6,NULL),('A',0,0,1854,'Fall',2010,23,0,6,NULL),('A',0,0,1916,'Fall',2010,23,0,6,NULL),('A',0,0,1978,'Fall',2010,23,0,6,NULL),('A',0,0,2040,'Fall',2010,23,0,6,NULL),('A',0,0,2102,'Fall',2010,23,0,6,NULL),('A',0,0,2164,'Fall',2010,23,0,7,NULL),('A',0,0,1292,'Fall',2010,53,0,1,NULL),('A',0,0,1122,'Fall',2010,53,0,2,NULL),('A',0,0,1231,'Fall',2010,53,0,2,NULL),('A',0,0,1478,'Fall',2010,53,0,2,NULL),('A',0,0,1540,'Fall',2010,53,0,2,NULL),('A',0,0,1354,'Fall',2010,53,0,5,NULL),('A',0,0,1416,'Fall',2010,53,0,5,NULL),('A',0,0,1602,'Fall',2010,53,0,6,NULL),('A',0,0,1664,'Fall',2010,53,0,6,NULL),('A',0,0,1726,'Fall',2010,53,0,6,NULL),('A',0,0,1788,'Fall',2010,53,0,6,NULL),('A',0,0,1850,'Fall',2010,53,0,6,NULL),('A',0,0,1912,'Fall',2010,53,0,6,NULL),('A',0,0,1974,'Fall',2010,53,0,6,NULL),('A',0,0,2036,'Fall',2010,53,0,6,NULL),('A',0,0,2098,'Fall',2010,53,0,6,NULL),('A',0,0,2160,'Fall',2010,53,0,7,NULL),('A',0,0,1302,'Fall',2011,11,0,1,NULL),('A',0,0,1128,'Fall',2011,11,0,2,NULL),('A',0,0,1241,'Fall',2011,11,0,2,NULL),('A',0,0,1488,'Fall',2011,11,0,2,NULL),('A',0,0,1550,'Fall',2011,11,0,2,NULL),('A',0,0,1364,'Fall',2011,11,0,5,NULL),('A',0,0,1426,'Fall',2011,11,0,5,NULL),('A',0,0,1612,'Fall',2011,11,0,6,NULL),('A',0,0,1674,'Fall',2011,11,0,6,NULL),('A',0,0,1736,'Fall',2011,11,0,6,NULL),('A',0,0,1798,'Fall',2011,11,0,6,NULL),('A',0,0,1860,'Fall',2011,11,0,6,NULL),('A',0,0,1922,'Fall',2011,11,0,6,NULL),('A',0,0,1984,'Fall',2011,11,0,6,NULL),('A',0,0,2046,'Fall',2011,11,0,6,NULL),('A',0,0,2108,'Fall',2011,11,0,6,NULL),('A',0,0,2170,'Fall',2011,11,0,7,NULL),('A',0,0,1321,'Fall',2013,26,0,1,NULL),('A',0,0,1164,'Fall',2013,26,0,2,NULL),('A',0,0,1260,'Fall',2013,26,0,2,NULL),('A',0,0,1507,'Fall',2013,26,0,2,NULL),('A',0,0,1569,'Fall',2013,26,0,2,NULL),('A',0,0,1383,'Fall',2013,26,0,5,NULL),('A',0,0,1445,'Fall',2013,26,0,5,NULL),('A',0,0,1631,'Fall',2013,26,0,6,NULL),('A',0,0,1693,'Fall',2013,26,0,6,NULL),('A',0,0,1755,'Fall',2013,26,0,6,NULL),('A',0,0,1817,'Fall',2013,26,0,6,NULL),('A',0,0,1879,'Fall',2013,26,0,6,NULL),('A',0,0,1941,'Fall',2013,26,0,6,NULL),('A',0,0,2003,'Fall',2013,26,0,6,NULL),('A',0,0,2065,'Fall',2013,26,0,6,NULL),('A',0,0,2127,'Fall',2013,26,0,6,NULL),('A',0,0,2189,'Fall',2013,26,0,7,NULL),('A',0,0,1297,'Spring',2011,49,0,1,NULL),('A',0,0,1159,'Spring',2011,49,0,2,NULL),('A',0,0,1236,'Spring',2011,49,0,2,NULL),('A',0,0,1483,'Spring',2011,49,0,2,NULL),('A',0,0,1545,'Spring',2011,49,0,2,NULL),('A',0,0,1359,'Spring',2011,49,0,5,NULL),('A',0,0,1421,'Spring',2011,49,0,5,NULL),('A',0,0,1607,'Spring',2011,49,0,6,NULL),('A',0,0,1669,'Spring',2011,49,0,6,NULL),('A',0,0,1731,'Spring',2011,49,0,6,NULL),('A',0,0,1793,'Spring',2011,49,0,6,NULL),('A',0,0,1855,'Spring',2011,49,0,6,NULL),('A',0,0,1917,'Spring',2011,49,0,6,NULL),('A',0,0,1979,'Spring',2011,49,0,6,NULL),('A',0,0,2041,'Spring',2011,49,0,6,NULL),('A',0,0,2103,'Spring',2011,49,0,6,NULL),('A',0,0,2165,'Spring',2011,49,0,7,NULL),('A',0,0,1303,'Spring',2012,29,0,1,NULL),('A',0,0,1162,'Spring',2012,29,0,2,NULL),('A',0,0,1242,'Spring',2012,29,0,2,NULL),('A',0,0,1489,'Spring',2012,29,0,2,NULL),('A',0,0,1551,'Spring',2012,29,0,2,NULL),('A',0,0,1365,'Spring',2012,29,0,5,NULL),('A',0,0,1427,'Spring',2012,29,0,5,NULL),('A',0,0,1613,'Spring',2012,29,0,6,NULL),('A',0,0,1675,'Spring',2012,29,0,6,NULL),('A',0,0,1737,'Spring',2012,29,0,6,NULL),('A',0,0,1799,'Spring',2012,29,0,6,NULL),('A',0,0,1861,'Spring',2012,29,0,6,NULL),('A',0,0,1923,'Spring',2012,29,0,6,NULL),('A',0,0,1985,'Spring',2012,29,0,6,NULL),('A',0,0,2047,'Spring',2012,29,0,6,NULL),('A',0,0,2109,'Spring',2012,29,0,6,NULL),('A',0,0,2171,'Spring',2012,29,0,7,NULL),('A',0,0,1304,'Spring',2012,48,0,1,NULL),('A',0,0,1129,'Spring',2012,48,0,2,NULL),('A',0,0,1243,'Spring',2012,48,0,2,NULL),('A',0,0,1490,'Spring',2012,48,0,2,NULL),('A',0,0,1552,'Spring',2012,48,0,2,NULL),('A',0,0,1366,'Spring',2012,48,0,5,NULL),('A',0,0,1428,'Spring',2012,48,0,5,NULL),('A',0,0,1614,'Spring',2012,48,0,6,NULL),('A',0,0,1676,'Spring',2012,48,0,6,NULL),('A',0,0,1738,'Spring',2012,48,0,6,NULL),('A',0,0,1800,'Spring',2012,48,0,6,NULL),('A',0,0,1862,'Spring',2012,48,0,6,NULL),('A',0,0,1924,'Spring',2012,48,0,6,NULL),('A',0,0,1986,'Spring',2012,48,0,6,NULL),('A',0,0,2048,'Spring',2012,48,0,6,NULL),('A',0,0,2110,'Spring',2012,48,0,6,NULL),('A',0,0,2172,'Spring',2012,48,0,7,NULL),('A',0,0,1309,'Spring',2013,42,0,1,NULL),('A',0,0,1133,'Spring',2013,42,0,2,NULL),('A',0,0,1248,'Spring',2013,42,0,2,NULL),('A',0,0,1495,'Spring',2013,42,0,2,NULL),('A',0,0,1557,'Spring',2013,42,0,2,NULL),('A',0,0,1371,'Spring',2013,42,0,5,NULL),('A',0,0,1433,'Spring',2013,42,0,5,NULL),('A',0,0,1619,'Spring',2013,42,0,6,NULL),('A',0,0,1681,'Spring',2013,42,0,6,NULL),('A',0,0,1743,'Spring',2013,42,0,6,NULL),('A',0,0,1805,'Spring',2013,42,0,6,NULL),('A',0,0,1867,'Spring',2013,42,0,6,NULL),('A',0,0,1929,'Spring',2013,42,0,6,NULL),('A',0,0,1991,'Spring',2013,42,0,6,NULL),('A',0,0,2053,'Spring',2013,42,0,6,NULL),('A',0,0,2115,'Spring',2013,42,0,6,NULL),('A',0,0,2177,'Spring',2013,42,0,7,NULL),('A',0,0,1331,'Spring',2015,14,0,1,NULL),('A',0,0,1145,'Spring',2015,14,0,2,NULL),('A',0,0,1270,'Spring',2015,14,0,2,NULL),('A',0,0,1517,'Spring',2015,14,0,2,NULL),('A',0,0,1579,'Spring',2015,14,0,2,NULL),('A',0,0,1393,'Spring',2015,14,0,5,NULL),('A',0,0,1455,'Spring',2015,14,0,5,NULL),('A',0,0,1641,'Spring',2015,14,0,6,NULL),('A',0,0,1703,'Spring',2015,14,0,6,NULL),('A',0,0,1765,'Spring',2015,14,0,6,NULL),('A',0,0,1827,'Spring',2015,14,0,6,NULL),('A',0,0,1889,'Spring',2015,14,0,6,NULL),('A',0,0,1951,'Spring',2015,14,0,6,NULL),('A',0,0,2013,'Spring',2015,14,0,6,NULL),('A',0,0,2075,'Spring',2015,14,0,6,NULL),('A',0,0,2137,'Spring',2015,14,0,6,NULL),('A',0,0,2199,'Spring',2015,14,0,7,NULL),('A',0,0,1329,'Spring',2015,39,0,1,NULL),('A',0,0,1144,'Spring',2015,39,0,2,NULL),('A',0,0,1268,'Spring',2015,39,0,2,NULL),('A',0,0,1515,'Spring',2015,39,0,2,NULL),('A',0,0,1577,'Spring',2015,39,0,2,NULL),('A',0,0,1391,'Spring',2015,39,0,5,NULL),('A',0,0,1453,'Spring',2015,39,0,5,NULL),('A',0,0,1639,'Spring',2015,39,0,6,NULL),('A',0,0,1701,'Spring',2015,39,0,6,NULL),('A',0,0,1763,'Spring',2015,39,0,6,NULL),('A',0,0,1825,'Spring',2015,39,0,6,NULL),('A',0,0,1887,'Spring',2015,39,0,6,NULL),('A',0,0,1949,'Spring',2015,39,0,6,NULL),('A',0,0,2011,'Spring',2015,39,0,6,NULL),('A',0,0,2073,'Spring',2015,39,0,6,NULL),('A',0,0,2135,'Spring',2015,39,0,6,NULL),('A',0,0,2197,'Spring',2015,39,0,7,NULL),('A',0,0,1282,'Summer',2011,13,0,1,NULL),('A',0,0,1112,'Summer',2011,13,0,2,NULL),('A',0,0,1221,'Summer',2011,13,0,2,NULL),('A',0,0,1468,'Summer',2011,13,0,2,NULL),('A',0,0,1530,'Summer',2011,13,0,2,NULL),('A',0,0,1344,'Summer',2011,13,0,5,NULL),('A',0,0,1406,'Summer',2011,13,0,5,NULL),('A',0,0,1592,'Summer',2011,13,0,6,NULL),('A',0,0,1654,'Summer',2011,13,0,6,NULL),('A',0,0,1716,'Summer',2011,13,0,6,NULL),('A',0,0,1778,'Summer',2011,13,0,6,NULL),('A',0,0,1840,'Summer',2011,13,0,6,NULL),('A',0,0,1902,'Summer',2011,13,0,6,NULL),('A',0,0,1964,'Summer',2011,13,0,6,NULL),('A',0,0,2026,'Summer',2011,13,0,6,NULL),('A',0,0,2088,'Summer',2011,13,0,6,NULL),('A',0,0,2150,'Summer',2011,13,0,7,NULL),('A',0,0,1335,'Summer',2015,20,0,1,NULL),('A',0,0,1149,'Summer',2015,20,0,2,NULL),('A',0,0,1274,'Summer',2015,20,0,2,NULL),('A',0,0,1521,'Summer',2015,20,0,2,NULL),('A',0,0,1583,'Summer',2015,20,0,2,NULL),('A',0,0,1397,'Summer',2015,20,0,5,NULL),('A',0,0,1459,'Summer',2015,20,0,5,NULL),('A',0,0,1645,'Summer',2015,20,0,6,NULL),('A',0,0,1707,'Summer',2015,20,0,6,NULL),('A',0,0,1769,'Summer',2015,20,0,6,NULL),('A',0,0,1831,'Summer',2015,20,0,6,NULL),('A',0,0,1893,'Summer',2015,20,0,6,NULL),('A',0,0,1955,'Summer',2015,20,0,6,NULL),('A',0,0,2017,'Summer',2015,20,0,6,NULL),('A',0,0,2079,'Summer',2015,20,0,6,NULL),('A',0,0,2141,'Summer',2015,20,0,6,NULL),('A',0,0,2203,'Summer',2015,20,0,7,NULL),('A-',0,0,1301,'Fall',2011,66,0,1,NULL),('A-',0,0,1127,'Fall',2011,66,0,2,NULL),('A-',0,0,1240,'Fall',2011,66,0,2,NULL),('A-',0,0,1487,'Fall',2011,66,0,2,NULL),('A-',0,0,1549,'Fall',2011,66,0,2,NULL),('A-',0,0,1363,'Fall',2011,66,0,5,NULL),('A-',0,0,1425,'Fall',2011,66,0,5,NULL),('A-',0,0,1611,'Fall',2011,66,0,6,NULL),('A-',0,0,1673,'Fall',2011,66,0,6,NULL),('A-',0,0,1735,'Fall',2011,66,0,6,NULL),('A-',0,0,1797,'Fall',2011,66,0,6,NULL),('A-',0,0,1859,'Fall',2011,66,0,6,NULL),('A-',0,0,1921,'Fall',2011,66,0,6,NULL),('A-',0,0,1983,'Fall',2011,66,0,6,NULL),('A-',0,0,2045,'Fall',2011,66,0,6,NULL),('A-',0,0,2107,'Fall',2011,66,0,6,NULL),('A-',0,0,2169,'Fall',2011,66,0,7,NULL),('A-',0,0,1326,'Fall',2014,19,0,1,NULL),('A-',0,0,1141,'Fall',2014,19,0,2,NULL),('A-',0,0,1265,'Fall',2014,19,0,2,NULL),('A-',0,0,1512,'Fall',2014,19,0,2,NULL),('A-',0,0,1574,'Fall',2014,19,0,2,NULL),('A-',0,0,1388,'Fall',2014,19,0,5,NULL),('A-',0,0,1450,'Fall',2014,19,0,5,NULL),('A-',0,0,1636,'Fall',2014,19,0,6,NULL),('A-',0,0,1698,'Fall',2014,19,0,6,NULL),('A-',0,0,1760,'Fall',2014,19,0,6,NULL),('A-',0,0,1822,'Fall',2014,19,0,6,NULL),('A-',0,0,1884,'Fall',2014,19,0,6,NULL),('A-',0,0,1946,'Fall',2014,19,0,6,NULL),('A-',0,0,2008,'Fall',2014,19,0,6,NULL),('A-',0,0,2070,'Fall',2014,19,0,6,NULL),('A-',0,0,2132,'Fall',2014,19,0,6,NULL),('A-',0,0,2194,'Fall',2014,19,0,7,NULL),('A-',0,0,1306,'Spring',2012,47,0,1,NULL),('A-',0,0,1130,'Spring',2012,47,0,2,NULL),('A-',0,0,1245,'Spring',2012,47,0,2,NULL),('A-',0,0,1492,'Spring',2012,47,0,2,NULL),('A-',0,0,1554,'Spring',2012,47,0,2,NULL),('A-',0,0,1368,'Spring',2012,47,0,5,NULL),('A-',0,0,1430,'Spring',2012,47,0,5,NULL),('A-',0,0,1616,'Spring',2012,47,0,6,NULL),('A-',0,0,1678,'Spring',2012,47,0,6,NULL),('A-',0,0,1740,'Spring',2012,47,0,6,NULL),('A-',0,0,1802,'Spring',2012,47,0,6,NULL),('A-',0,0,1864,'Spring',2012,47,0,6,NULL),('A-',0,0,1926,'Spring',2012,47,0,6,NULL),('A-',0,0,1988,'Spring',2012,47,0,6,NULL),('A-',0,0,2050,'Spring',2012,47,0,6,NULL),('A-',0,0,2112,'Spring',2012,47,0,6,NULL),('A-',0,0,2174,'Spring',2012,47,0,7,NULL),('A-',0,0,1305,'Spring',2012,64,0,1,NULL),('A-',0,0,1160,'Spring',2012,64,0,2,NULL),('A-',0,0,1244,'Spring',2012,64,0,2,NULL),('A-',0,0,1491,'Spring',2012,64,0,2,NULL),('A-',0,0,1553,'Spring',2012,64,0,2,NULL),('A-',0,0,1367,'Spring',2012,64,0,5,NULL),('A-',0,0,1429,'Spring',2012,64,0,5,NULL),('A-',0,0,1615,'Spring',2012,64,0,6,NULL),('A-',0,0,1677,'Spring',2012,64,0,6,NULL),('A-',0,0,1739,'Spring',2012,64,0,6,NULL),('A-',0,0,1801,'Spring',2012,64,0,6,NULL),('A-',0,0,1863,'Spring',2012,64,0,6,NULL),('A-',0,0,1925,'Spring',2012,64,0,6,NULL),('A-',0,0,1987,'Spring',2012,64,0,6,NULL),('A-',0,0,2049,'Spring',2012,64,0,6,NULL),('A-',0,0,2111,'Spring',2012,64,0,6,NULL),('A-',0,0,2173,'Spring',2012,64,0,7,NULL),('A-',0,0,1310,'Spring',2013,52,0,1,NULL),('A-',0,0,1134,'Spring',2013,52,0,2,NULL),('A-',0,0,1249,'Spring',2013,52,0,2,NULL),('A-',0,0,1496,'Spring',2013,52,0,2,NULL),('A-',0,0,1558,'Spring',2013,52,0,2,NULL),('A-',0,0,1372,'Spring',2013,52,0,5,NULL),('A-',0,0,1434,'Spring',2013,52,0,5,NULL),('A-',0,0,1620,'Spring',2013,52,0,6,NULL),('A-',0,0,1682,'Spring',2013,52,0,6,NULL),('A-',0,0,1744,'Spring',2013,52,0,6,NULL),('A-',0,0,1806,'Spring',2013,52,0,6,NULL),('A-',0,0,1868,'Spring',2013,52,0,6,NULL),('A-',0,0,1930,'Spring',2013,52,0,6,NULL),('A-',0,0,1992,'Spring',2013,52,0,6,NULL),('A-',0,0,2054,'Spring',2013,52,0,6,NULL),('A-',0,0,2116,'Spring',2013,52,0,6,NULL),('A-',0,0,2178,'Spring',2013,52,0,7,NULL),('A-',0,0,1332,'Spring',2015,36,0,1,NULL),('A-',0,0,1146,'Spring',2015,36,0,2,NULL),('A-',0,0,1271,'Spring',2015,36,0,2,NULL),('A-',0,0,1518,'Spring',2015,36,0,2,NULL),('A-',0,0,1580,'Spring',2015,36,0,2,NULL),('A-',0,0,1394,'Spring',2015,36,0,5,NULL),('A-',0,0,1456,'Spring',2015,36,0,5,NULL),('A-',0,0,1642,'Spring',2015,36,0,6,NULL),('A-',0,0,1704,'Spring',2015,36,0,6,NULL),('A-',0,0,1766,'Spring',2015,36,0,6,NULL),('A-',0,0,1828,'Spring',2015,36,0,6,NULL),('A-',0,0,1890,'Spring',2015,36,0,6,NULL),('A-',0,0,1952,'Spring',2015,36,0,6,NULL),('A-',0,0,2014,'Spring',2015,36,0,6,NULL),('A-',0,0,2076,'Spring',2015,36,0,6,NULL),('A-',0,0,2138,'Spring',2015,36,0,6,NULL),('A-',0,0,2200,'Spring',2015,36,0,7,NULL),('A-',0,0,1281,'Summer',2011,37,0,1,NULL),('A-',0,0,1111,'Summer',2011,37,0,2,NULL),('A-',0,0,1220,'Summer',2011,37,0,2,NULL),('A-',0,0,1467,'Summer',2011,37,0,2,NULL),('A-',0,0,1529,'Summer',2011,37,0,2,NULL),('A-',0,0,1343,'Summer',2011,37,0,5,NULL),('A-',0,0,1405,'Summer',2011,37,0,5,NULL),('A-',0,0,1591,'Summer',2011,37,0,6,NULL),('A-',0,0,1653,'Summer',2011,37,0,6,NULL),('A-',0,0,1715,'Summer',2011,37,0,6,NULL),('A-',0,0,1777,'Summer',2011,37,0,6,NULL),('A-',0,0,1839,'Summer',2011,37,0,6,NULL),('A-',0,0,1901,'Summer',2011,37,0,6,NULL),('A-',0,0,1963,'Summer',2011,37,0,6,NULL),('A-',0,0,2025,'Summer',2011,37,0,6,NULL),('A-',0,0,2087,'Summer',2011,37,0,6,NULL),('A-',0,0,2149,'Summer',2011,37,0,7,NULL),('B',0,0,1300,'Fall',2011,18,0,1,NULL),('B',0,0,1126,'Fall',2011,18,0,2,NULL),('B',0,0,1239,'Fall',2011,18,0,2,NULL),('B',0,0,1486,'Fall',2011,18,0,2,NULL),('B',0,0,1548,'Fall',2011,18,0,2,NULL),('B',0,0,1362,'Fall',2011,18,0,5,NULL),('B',0,0,1424,'Fall',2011,18,0,5,NULL),('B',0,0,1610,'Fall',2011,18,0,6,NULL),('B',0,0,1672,'Fall',2011,18,0,6,NULL),('B',0,0,1734,'Fall',2011,18,0,6,NULL),('B',0,0,1796,'Fall',2011,18,0,6,NULL),('B',0,0,1858,'Fall',2011,18,0,6,NULL),('B',0,0,1920,'Fall',2011,18,0,6,NULL),('B',0,0,1982,'Fall',2011,18,0,6,NULL),('B',0,0,2044,'Fall',2011,18,0,6,NULL),('B',0,0,2106,'Fall',2011,18,0,6,NULL),('B',0,0,2168,'Fall',2011,18,0,7,NULL),('B',0,0,1325,'Fall',2014,3,0,1,NULL),('B',0,0,1264,'Fall',2014,3,0,2,NULL),('B',0,0,1511,'Fall',2014,3,0,2,NULL),('B',0,0,1573,'Fall',2014,3,0,2,NULL),('B',0,0,1387,'Fall',2014,3,0,5,NULL),('B',0,0,1449,'Fall',2014,3,0,5,NULL),('B',0,0,1635,'Fall',2014,3,0,6,NULL),('B',0,0,1697,'Fall',2014,3,0,6,NULL),('B',0,0,1759,'Fall',2014,3,0,6,NULL),('B',0,0,1821,'Fall',2014,3,0,6,NULL),('B',0,0,1883,'Fall',2014,3,0,6,NULL),('B',0,0,1945,'Fall',2014,3,0,6,NULL),('B',0,0,2007,'Fall',2014,3,0,6,NULL),('B',0,0,2069,'Fall',2014,3,0,6,NULL),('B',0,0,2131,'Fall',2014,3,0,6,NULL),('B',0,0,2193,'Fall',2014,3,0,7,NULL),('B',0,0,1298,'Spring',2011,6,0,1,NULL),('B',0,0,1156,'Spring',2011,6,0,2,NULL),('B',0,0,1237,'Spring',2011,6,0,2,NULL),('B',0,0,1484,'Spring',2011,6,0,2,NULL),('B',0,0,1546,'Spring',2011,6,0,2,NULL),('B',0,0,1360,'Spring',2011,6,0,5,NULL),('B',0,0,1422,'Spring',2011,6,0,5,NULL),('B',0,0,1608,'Spring',2011,6,0,6,NULL),('B',0,0,1670,'Spring',2011,6,0,6,NULL),('B',0,0,1732,'Spring',2011,6,0,6,NULL),('B',0,0,1794,'Spring',2011,6,0,6,NULL),('B',0,0,1856,'Spring',2011,6,0,6,NULL),('B',0,0,1918,'Spring',2011,6,0,6,NULL),('B',0,0,1980,'Spring',2011,6,0,6,NULL),('B',0,0,2042,'Spring',2011,6,0,6,NULL),('B',0,0,2104,'Spring',2011,6,0,6,NULL),('B',0,0,2166,'Spring',2011,6,0,7,NULL),('B',0,0,1322,'Spring',2014,17,0,1,NULL),('B',0,0,1138,'Spring',2014,17,0,2,NULL),('B',0,0,1261,'Spring',2014,17,0,2,NULL),('B',0,0,1508,'Spring',2014,17,0,2,NULL),('B',0,0,1570,'Spring',2014,17,0,2,NULL),('B',0,0,1384,'Spring',2014,17,0,5,NULL),('B',0,0,1446,'Spring',2014,17,0,5,NULL),('B',0,0,1632,'Spring',2014,17,0,6,NULL),('B',0,0,1694,'Spring',2014,17,0,6,NULL),('B',0,0,1756,'Spring',2014,17,0,6,NULL),('B',0,0,1818,'Spring',2014,17,0,6,NULL),('B',0,0,1880,'Spring',2014,17,0,6,NULL),('B',0,0,1942,'Spring',2014,17,0,6,NULL),('B',0,0,2004,'Spring',2014,17,0,6,NULL),('B',0,0,2066,'Spring',2014,17,0,6,NULL),('B',0,0,2128,'Spring',2014,17,0,6,NULL),('B',0,0,2190,'Spring',2014,17,0,7,NULL),('B',0,0,1337,'Spring',2014,41,0,1,NULL),('B',0,0,1139,'Spring',2014,41,0,2,NULL),('B',0,0,1276,'Spring',2014,41,0,2,NULL),('B',0,0,1523,'Spring',2014,41,0,2,NULL),('B',0,0,1585,'Spring',2014,41,0,2,NULL),('B',0,0,1399,'Spring',2014,41,0,5,NULL),('B',0,0,1461,'Spring',2014,41,0,5,NULL),('B',0,0,1647,'Spring',2014,41,0,6,NULL),('B',0,0,1709,'Spring',2014,41,0,6,NULL),('B',0,0,1771,'Spring',2014,41,0,6,NULL),('B',0,0,1833,'Spring',2014,41,0,6,NULL),('B',0,0,1895,'Spring',2014,41,0,6,NULL),('B',0,0,1957,'Spring',2014,41,0,6,NULL),('B',0,0,2019,'Spring',2014,41,0,6,NULL),('B',0,0,2081,'Spring',2014,41,0,6,NULL),('B',0,0,2143,'Spring',2014,41,0,6,NULL),('B',0,0,2205,'Spring',2014,41,0,7,NULL),('B',0,0,1330,'Spring',2015,54,0,1,NULL),('B',0,0,1269,'Spring',2015,54,0,2,NULL),('B',0,0,1516,'Spring',2015,54,0,2,NULL),('B',0,0,1578,'Spring',2015,54,0,2,NULL),('B',0,0,1392,'Spring',2015,54,0,5,NULL),('B',0,0,1454,'Spring',2015,54,0,5,NULL),('B',0,0,1640,'Spring',2015,54,0,6,NULL),('B',0,0,1702,'Spring',2015,54,0,6,NULL),('B',0,0,1764,'Spring',2015,54,0,6,NULL),('B',0,0,1826,'Spring',2015,54,0,6,NULL),('B',0,0,1888,'Spring',2015,54,0,6,NULL),('B',0,0,1950,'Spring',2015,54,0,6,NULL),('B',0,0,2012,'Spring',2015,54,0,6,NULL),('B',0,0,2074,'Spring',2015,54,0,6,NULL),('B',0,0,2136,'Spring',2015,54,0,6,NULL),('B',0,0,2198,'Spring',2015,54,0,7,NULL),('B',0,0,1334,'Summer',2015,60,0,1,NULL),('B',0,0,1148,'Summer',2015,60,0,2,NULL),('B',0,0,1273,'Summer',2015,60,0,2,NULL),('B',0,0,1520,'Summer',2015,60,0,2,NULL),('B',0,0,1582,'Summer',2015,60,0,2,NULL),('B',0,0,1396,'Summer',2015,60,0,5,NULL),('B',0,0,1458,'Summer',2015,60,0,5,NULL),('B',0,0,1644,'Summer',2015,60,0,6,NULL),('B',0,0,1706,'Summer',2015,60,0,6,NULL),('B',0,0,1768,'Summer',2015,60,0,6,NULL),('B',0,0,1830,'Summer',2015,60,0,6,NULL),('B',0,0,1892,'Summer',2015,60,0,6,NULL),('B',0,0,1954,'Summer',2015,60,0,6,NULL),('B',0,0,2016,'Summer',2015,60,0,6,NULL),('B',0,0,2078,'Summer',2015,60,0,6,NULL),('B',0,0,2140,'Summer',2015,60,0,6,NULL),('B',0,0,2202,'Summer',2015,60,0,7,NULL),('B+',0,0,1280,'Fall',2010,10,0,1,NULL),('B+',0,0,1110,'Fall',2010,10,0,2,NULL),('B+',0,0,1219,'Fall',2010,10,0,2,NULL),('B+',0,0,1466,'Fall',2010,10,0,2,NULL),('B+',0,0,1528,'Fall',2010,10,0,2,NULL),('B+',0,0,1342,'Fall',2010,10,0,5,NULL),('B+',0,0,1404,'Fall',2010,10,0,5,NULL),('B+',0,0,1590,'Fall',2010,10,0,6,NULL),('B+',0,0,1652,'Fall',2010,10,0,6,NULL),('B+',0,0,1714,'Fall',2010,10,0,6,NULL),('B+',0,0,1776,'Fall',2010,10,0,6,NULL),('B+',0,0,1838,'Fall',2010,10,0,6,NULL),('B+',0,0,1900,'Fall',2010,10,0,6,NULL),('B+',0,0,1962,'Fall',2010,10,0,6,NULL),('B+',0,0,2024,'Fall',2010,10,0,6,NULL),('B+',0,0,2086,'Fall',2010,10,0,6,NULL),('B+',0,0,2148,'Fall',2010,10,0,7,NULL),('B+',0,0,1137,'Fall',2013,63,0,2,NULL),('B+',0,0,1327,'Fall',2014,16,0,1,NULL),('B+',0,0,1142,'Fall',2014,16,0,2,NULL),('B+',0,0,1266,'Fall',2014,16,0,2,NULL),('B+',0,0,1513,'Fall',2014,16,0,2,NULL),('B+',0,0,1575,'Fall',2014,16,0,2,NULL),('B+',0,0,1389,'Fall',2014,16,0,5,NULL),('B+',0,0,1451,'Fall',2014,16,0,5,NULL),('B+',0,0,1637,'Fall',2014,16,0,6,NULL),('B+',0,0,1699,'Fall',2014,16,0,6,NULL),('B+',0,0,1761,'Fall',2014,16,0,6,NULL),('B+',0,0,1823,'Fall',2014,16,0,6,NULL),('B+',0,0,1885,'Fall',2014,16,0,6,NULL),('B+',0,0,1947,'Fall',2014,16,0,6,NULL),('B+',0,0,2009,'Fall',2014,16,0,6,NULL),('B+',0,0,2071,'Fall',2014,16,0,6,NULL),('B+',0,0,2133,'Fall',2014,16,0,6,NULL),('B+',0,0,2195,'Fall',2014,16,0,7,NULL),('B+',0,0,1328,'Fall',2014,56,0,1,NULL),('B+',0,0,1143,'Fall',2014,56,0,2,NULL),('B+',0,0,1267,'Fall',2014,56,0,2,NULL),('B+',0,0,1514,'Fall',2014,56,0,2,NULL),('B+',0,0,1576,'Fall',2014,56,0,2,NULL),('B+',0,0,1390,'Fall',2014,56,0,5,NULL),('B+',0,0,1452,'Fall',2014,56,0,5,NULL),('B+',0,0,1638,'Fall',2014,56,0,6,NULL),('B+',0,0,1700,'Fall',2014,56,0,6,NULL),('B+',0,0,1762,'Fall',2014,56,0,6,NULL),('B+',0,0,1824,'Fall',2014,56,0,6,NULL),('B+',0,0,1886,'Fall',2014,56,0,6,NULL),('B+',0,0,1948,'Fall',2014,56,0,6,NULL),('B+',0,0,2010,'Fall',2014,56,0,6,NULL),('B+',0,0,2072,'Fall',2014,56,0,6,NULL),('B+',0,0,2134,'Fall',2014,56,0,6,NULL),('B+',0,0,2196,'Fall',2014,56,0,7,NULL),('B+',0,0,1287,'Spring',2011,33,0,1,NULL),('B+',0,0,1117,'Spring',2011,33,0,2,NULL),('B+',0,0,1226,'Spring',2011,33,0,2,NULL),('B+',0,0,1473,'Spring',2011,33,0,2,NULL),('B+',0,0,1535,'Spring',2011,33,0,2,NULL),('B+',0,0,1349,'Spring',2011,33,0,5,NULL),('B+',0,0,1411,'Spring',2011,33,0,5,NULL),('B+',0,0,1597,'Spring',2011,33,0,6,NULL),('B+',0,0,1659,'Spring',2011,33,0,6,NULL),('B+',0,0,1721,'Spring',2011,33,0,6,NULL),('B+',0,0,1783,'Spring',2011,33,0,6,NULL),('B+',0,0,1845,'Spring',2011,33,0,6,NULL),('B+',0,0,1907,'Spring',2011,33,0,6,NULL),('B+',0,0,1969,'Spring',2011,33,0,6,NULL),('B+',0,0,2031,'Spring',2011,33,0,6,NULL),('B+',0,0,2093,'Spring',2011,33,0,6,NULL),('B+',0,0,2155,'Spring',2011,33,0,7,NULL),('B+',0,0,1283,'Spring',2012,24,0,1,NULL),('B+',0,0,1113,'Spring',2012,24,0,2,NULL),('B+',0,0,1222,'Spring',2012,24,0,2,NULL),('B+',0,0,1469,'Spring',2012,24,0,2,NULL),('B+',0,0,1531,'Spring',2012,24,0,2,NULL),('B+',0,0,1345,'Spring',2012,24,0,5,NULL),('B+',0,0,1407,'Spring',2012,24,0,5,NULL),('B+',0,0,1593,'Spring',2012,24,0,6,NULL),('B+',0,0,1655,'Spring',2012,24,0,6,NULL),('B+',0,0,1717,'Spring',2012,24,0,6,NULL),('B+',0,0,1779,'Spring',2012,24,0,6,NULL),('B+',0,0,1841,'Spring',2012,24,0,6,NULL),('B+',0,0,1903,'Spring',2012,24,0,6,NULL),('B+',0,0,1965,'Spring',2012,24,0,6,NULL),('B+',0,0,2027,'Spring',2012,24,0,6,NULL),('B+',0,0,2089,'Spring',2012,24,0,6,NULL),('B+',0,0,2151,'Spring',2012,24,0,7,NULL),('B+',0,0,1323,'Spring',2014,2,0,1,NULL),('B+',0,0,1165,'Spring',2014,2,0,2,NULL),('B+',0,0,1262,'Spring',2014,2,0,2,NULL),('B+',0,0,1509,'Spring',2014,2,0,2,NULL),('B+',0,0,1571,'Spring',2014,2,0,2,NULL),('B+',0,0,1385,'Spring',2014,2,0,5,NULL),('B+',0,0,1447,'Spring',2014,2,0,5,NULL),('B+',0,0,1633,'Spring',2014,2,0,6,NULL),('B+',0,0,1695,'Spring',2014,2,0,6,NULL),('B+',0,0,1757,'Spring',2014,2,0,6,NULL),('B+',0,0,1819,'Spring',2014,2,0,6,NULL),('B+',0,0,1881,'Spring',2014,2,0,6,NULL),('B+',0,0,1943,'Spring',2014,2,0,6,NULL),('B+',0,0,2005,'Spring',2014,2,0,6,NULL),('B+',0,0,2067,'Spring',2014,2,0,6,NULL),('B+',0,0,2129,'Spring',2014,2,0,6,NULL),('B+',0,0,2191,'Spring',2014,2,0,7,NULL),('B-',0,0,1295,'Fall',2010,21,0,1,NULL),('B-',0,0,1154,'Fall',2010,21,0,2,NULL),('B-',0,0,1234,'Fall',2010,21,0,2,NULL),('B-',0,0,1481,'Fall',2010,21,0,2,NULL),('B-',0,0,1543,'Fall',2010,21,0,2,NULL),('B-',0,0,1357,'Fall',2010,21,0,5,NULL),('B-',0,0,1419,'Fall',2010,21,0,5,NULL),('B-',0,0,1605,'Fall',2010,21,0,6,NULL),('B-',0,0,1667,'Fall',2010,21,0,6,NULL),('B-',0,0,1729,'Fall',2010,21,0,6,NULL),('B-',0,0,1791,'Fall',2010,21,0,6,NULL),('B-',0,0,1853,'Fall',2010,21,0,6,NULL),('B-',0,0,1915,'Fall',2010,21,0,6,NULL),('B-',0,0,1977,'Fall',2010,21,0,6,NULL),('B-',0,0,2039,'Fall',2010,21,0,6,NULL),('B-',0,0,2101,'Fall',2010,21,0,6,NULL),('B-',0,0,2163,'Fall',2010,21,0,7,NULL),('B-',0,0,1319,'Fall',2010,55,0,1,NULL),('B-',0,0,1153,'Fall',2010,55,0,2,NULL),('B-',0,0,1258,'Fall',2010,55,0,2,NULL),('B-',0,0,1505,'Fall',2010,55,0,2,NULL),('B-',0,0,1567,'Fall',2010,55,0,2,NULL),('B-',0,0,1381,'Fall',2010,55,0,5,NULL),('B-',0,0,1443,'Fall',2010,55,0,5,NULL),('B-',0,0,1629,'Fall',2010,55,0,6,NULL),('B-',0,0,1691,'Fall',2010,55,0,6,NULL),('B-',0,0,1753,'Fall',2010,55,0,6,NULL),('B-',0,0,1815,'Fall',2010,55,0,6,NULL),('B-',0,0,1877,'Fall',2010,55,0,6,NULL),('B-',0,0,1939,'Fall',2010,55,0,6,NULL),('B-',0,0,2001,'Fall',2010,55,0,6,NULL),('B-',0,0,2063,'Fall',2010,55,0,6,NULL),('B-',0,0,2125,'Fall',2010,55,0,6,NULL),('B-',0,0,2187,'Fall',2010,55,0,7,NULL),('B-',0,0,1317,'Fall',2011,44,0,1,NULL),('B-',0,0,1158,'Fall',2011,44,0,2,NULL),('B-',0,0,1256,'Fall',2011,44,0,2,NULL),('B-',0,0,1503,'Fall',2011,44,0,2,NULL),('B-',0,0,1565,'Fall',2011,44,0,2,NULL),('B-',0,0,1379,'Fall',2011,44,0,5,NULL),('B-',0,0,1441,'Fall',2011,44,0,5,NULL),('B-',0,0,1627,'Fall',2011,44,0,6,NULL),('B-',0,0,1689,'Fall',2011,44,0,6,NULL),('B-',0,0,1751,'Fall',2011,44,0,6,NULL),('B-',0,0,1813,'Fall',2011,44,0,6,NULL),('B-',0,0,1875,'Fall',2011,44,0,6,NULL),('B-',0,0,1937,'Fall',2011,44,0,6,NULL),('B-',0,0,1999,'Fall',2011,44,0,6,NULL),('B-',0,0,2061,'Fall',2011,44,0,6,NULL),('B-',0,0,2123,'Fall',2011,44,0,6,NULL),('B-',0,0,2185,'Fall',2011,44,0,7,NULL),('B-',0,0,1307,'Fall',2012,40,0,1,NULL),('B-',0,0,1131,'Fall',2012,40,0,2,NULL),('B-',0,0,1246,'Fall',2012,40,0,2,NULL),('B-',0,0,1493,'Fall',2012,40,0,2,NULL),('B-',0,0,1555,'Fall',2012,40,0,2,NULL),('B-',0,0,1369,'Fall',2012,40,0,5,NULL),('B-',0,0,1431,'Fall',2012,40,0,5,NULL),('B-',0,0,1617,'Fall',2012,40,0,6,NULL),('B-',0,0,1679,'Fall',2012,40,0,6,NULL),('B-',0,0,1741,'Fall',2012,40,0,6,NULL),('B-',0,0,1803,'Fall',2012,40,0,6,NULL),('B-',0,0,1865,'Fall',2012,40,0,6,NULL),('B-',0,0,1927,'Fall',2012,40,0,6,NULL),('B-',0,0,1989,'Fall',2012,40,0,6,NULL),('B-',0,0,2051,'Fall',2012,40,0,6,NULL),('B-',0,0,2113,'Fall',2012,40,0,6,NULL),('B-',0,0,2175,'Fall',2012,40,0,7,NULL),('B-',0,0,1318,'Fall',2013,1,0,1,NULL),('B-',0,0,1163,'Fall',2013,1,0,2,NULL),('B-',0,0,1257,'Fall',2013,1,0,2,NULL),('B-',0,0,1504,'Fall',2013,1,0,2,NULL),('B-',0,0,1566,'Fall',2013,1,0,2,NULL),('B-',0,0,1380,'Fall',2013,1,0,5,NULL),('B-',0,0,1442,'Fall',2013,1,0,5,NULL),('B-',0,0,1628,'Fall',2013,1,0,6,NULL),('B-',0,0,1690,'Fall',2013,1,0,6,NULL),('B-',0,0,1752,'Fall',2013,1,0,6,NULL),('B-',0,0,1814,'Fall',2013,1,0,6,NULL),('B-',0,0,1876,'Fall',2013,1,0,6,NULL),('B-',0,0,1938,'Fall',2013,1,0,6,NULL),('B-',0,0,2000,'Fall',2013,1,0,6,NULL),('B-',0,0,2062,'Fall',2013,1,0,6,NULL),('B-',0,0,2124,'Fall',2013,1,0,6,NULL),('B-',0,0,2186,'Fall',2013,1,0,7,NULL),('B-',0,0,1336,'Fall',2013,50,0,1,NULL),('B-',0,0,1136,'Fall',2013,50,0,2,NULL),('B-',0,0,1275,'Fall',2013,50,0,2,NULL),('B-',0,0,1522,'Fall',2013,50,0,2,NULL),('B-',0,0,1584,'Fall',2013,50,0,2,NULL),('B-',0,0,1398,'Fall',2013,50,0,5,NULL),('B-',0,0,1460,'Fall',2013,50,0,5,NULL),('B-',0,0,1646,'Fall',2013,50,0,6,NULL),('B-',0,0,1708,'Fall',2013,50,0,6,NULL),('B-',0,0,1770,'Fall',2013,50,0,6,NULL),('B-',0,0,1832,'Fall',2013,50,0,6,NULL),('B-',0,0,1894,'Fall',2013,50,0,6,NULL),('B-',0,0,1956,'Fall',2013,50,0,6,NULL),('B-',0,0,2018,'Fall',2013,50,0,6,NULL),('B-',0,0,2080,'Fall',2013,50,0,6,NULL),('B-',0,0,2142,'Fall',2013,50,0,6,NULL),('B-',0,0,2204,'Fall',2013,50,0,7,NULL),('B-',0,0,1316,'Spring',2011,57,0,1,NULL),('B-',0,0,1157,'Spring',2011,57,0,2,NULL),('B-',0,0,1255,'Spring',2011,57,0,2,NULL),('B-',0,0,1502,'Spring',2011,57,0,2,NULL),('B-',0,0,1564,'Spring',2011,57,0,2,NULL),('B-',0,0,1378,'Spring',2011,57,0,5,NULL),('B-',0,0,1440,'Spring',2011,57,0,5,NULL),('B-',0,0,1626,'Spring',2011,57,0,6,NULL),('B-',0,0,1688,'Spring',2011,57,0,6,NULL),('B-',0,0,1750,'Spring',2011,57,0,6,NULL),('B-',0,0,1812,'Spring',2011,57,0,6,NULL),('B-',0,0,1874,'Spring',2011,57,0,6,NULL),('B-',0,0,1936,'Spring',2011,57,0,6,NULL),('B-',0,0,1998,'Spring',2011,57,0,6,NULL),('B-',0,0,2060,'Spring',2011,57,0,6,NULL),('B-',0,0,2122,'Spring',2011,57,0,6,NULL),('B-',0,0,2184,'Spring',2011,57,0,7,NULL),('C',0,0,1299,'Fall',2011,31,0,1,NULL),('C',0,0,1161,'Fall',2011,31,0,2,NULL),('C',0,0,1238,'Fall',2011,31,0,2,NULL),('C',0,0,1485,'Fall',2011,31,0,2,NULL),('C',0,0,1547,'Fall',2011,31,0,2,NULL),('C',0,0,1361,'Fall',2011,31,0,5,NULL),('C',0,0,1423,'Fall',2011,31,0,5,NULL),('C',0,0,1609,'Fall',2011,31,0,6,NULL),('C',0,0,1671,'Fall',2011,31,0,6,NULL),('C',0,0,1733,'Fall',2011,31,0,6,NULL),('C',0,0,1795,'Fall',2011,31,0,6,NULL),('C',0,0,1857,'Fall',2011,31,0,6,NULL),('C',0,0,1919,'Fall',2011,31,0,6,NULL),('C',0,0,1981,'Fall',2011,31,0,6,NULL),('C',0,0,2043,'Fall',2011,31,0,6,NULL),('C',0,0,2105,'Fall',2011,31,0,6,NULL),('C',0,0,2167,'Fall',2011,31,0,7,NULL),('C',0,0,1286,'Spring',2011,58,0,1,NULL),('C',0,0,1116,'Spring',2011,58,0,2,NULL),('C',0,0,1225,'Spring',2011,58,0,2,NULL),('C',0,0,1472,'Spring',2011,58,0,2,NULL),('C',0,0,1534,'Spring',2011,58,0,2,NULL),('C',0,0,1348,'Spring',2011,58,0,5,NULL),('C',0,0,1410,'Spring',2011,58,0,5,NULL),('C',0,0,1596,'Spring',2011,58,0,6,NULL),('C',0,0,1658,'Spring',2011,58,0,6,NULL),('C',0,0,1720,'Spring',2011,58,0,6,NULL),('C',0,0,1782,'Spring',2011,58,0,6,NULL),('C',0,0,1844,'Spring',2011,58,0,6,NULL),('C',0,0,1906,'Spring',2011,58,0,6,NULL),('C',0,0,1968,'Spring',2011,58,0,6,NULL),('C',0,0,2030,'Spring',2011,58,0,6,NULL),('C',0,0,2092,'Spring',2011,58,0,6,NULL),('C',0,0,2154,'Spring',2011,58,0,7,NULL),('C',0,0,1311,'Spring',2013,28,0,1,NULL),('C',0,0,1135,'Spring',2013,28,0,2,NULL),('C',0,0,1250,'Spring',2013,28,0,2,NULL),('C',0,0,1497,'Spring',2013,28,0,2,NULL),('C',0,0,1559,'Spring',2013,28,0,2,NULL),('C',0,0,1373,'Spring',2013,28,0,5,NULL),('C',0,0,1435,'Spring',2013,28,0,5,NULL),('C',0,0,1621,'Spring',2013,28,0,6,NULL),('C',0,0,1683,'Spring',2013,28,0,6,NULL),('C',0,0,1745,'Spring',2013,28,0,6,NULL),('C',0,0,1807,'Spring',2013,28,0,6,NULL),('C',0,0,1869,'Spring',2013,28,0,6,NULL),('C',0,0,1931,'Spring',2013,28,0,6,NULL),('C',0,0,1993,'Spring',2013,28,0,6,NULL),('C',0,0,2055,'Spring',2013,28,0,6,NULL),('C',0,0,2117,'Spring',2013,28,0,6,NULL),('C',0,0,2179,'Spring',2013,28,0,7,NULL),('C',0,0,1288,'Summer',2015,62,0,1,NULL),('C',0,0,1320,'Summer',2015,62,0,1,NULL),('C',0,0,1118,'Summer',2015,62,0,2,NULL),('C',0,0,1227,'Summer',2015,62,0,2,NULL),('C',0,0,1259,'Summer',2015,62,0,2,NULL),('C',0,0,1474,'Summer',2015,62,0,2,NULL),('C',0,0,1506,'Summer',2015,62,0,2,NULL),('C',0,0,1536,'Summer',2015,62,0,2,NULL),('C',0,0,1568,'Summer',2015,62,0,2,NULL),('C',0,0,1350,'Summer',2015,62,0,5,NULL),('C',0,0,1382,'Summer',2015,62,0,5,NULL),('C',0,0,1412,'Summer',2015,62,0,5,NULL),('C',0,0,1444,'Summer',2015,62,0,5,NULL),('C',0,0,1598,'Summer',2015,62,0,6,NULL),('C',0,0,1630,'Summer',2015,62,0,6,NULL),('C',0,0,1660,'Summer',2015,62,0,6,NULL),('C',0,0,1692,'Summer',2015,62,0,6,NULL),('C',0,0,1722,'Summer',2015,62,0,6,NULL),('C',0,0,1754,'Summer',2015,62,0,6,NULL),('C',0,0,1784,'Summer',2015,62,0,6,NULL),('C',0,0,1816,'Summer',2015,62,0,6,NULL),('C',0,0,1846,'Summer',2015,62,0,6,NULL),('C',0,0,1878,'Summer',2015,62,0,6,NULL),('C',0,0,1908,'Summer',2015,62,0,6,NULL),('C',0,0,1940,'Summer',2015,62,0,6,NULL),('C',0,0,1970,'Summer',2015,62,0,6,NULL),('C',0,0,2002,'Summer',2015,62,0,6,NULL),('C',0,0,2032,'Summer',2015,62,0,6,NULL),('C',0,0,2064,'Summer',2015,62,0,6,NULL),('C',0,0,2094,'Summer',2015,62,0,6,NULL),('C',0,0,2126,'Summer',2015,62,0,6,NULL),('C',0,0,2156,'Summer',2015,62,0,7,NULL),('C',0,0,2188,'Summer',2015,62,0,7,NULL),('C',0,0,1289,'Summer',2015,68,0,1,NULL),('C',0,0,1119,'Summer',2015,68,0,2,NULL),('C',0,0,1228,'Summer',2015,68,0,2,NULL),('C',0,0,1475,'Summer',2015,68,0,2,NULL),('C',0,0,1537,'Summer',2015,68,0,2,NULL),('C',0,0,1351,'Summer',2015,68,0,5,NULL),('C',0,0,1413,'Summer',2015,68,0,5,NULL),('C',0,0,1599,'Summer',2015,68,0,6,NULL),('C',0,0,1661,'Summer',2015,68,0,6,NULL),('C',0,0,1723,'Summer',2015,68,0,6,NULL),('C',0,0,1785,'Summer',2015,68,0,6,NULL),('C',0,0,1847,'Summer',2015,68,0,6,NULL),('C',0,0,1909,'Summer',2015,68,0,6,NULL),('C',0,0,1971,'Summer',2015,68,0,6,NULL),('C',0,0,2033,'Summer',2015,68,0,6,NULL),('C',0,0,2095,'Summer',2015,68,0,6,NULL),('C',0,0,2157,'Summer',2015,68,0,7,NULL),('C+',0,0,1279,'Fall',2010,25,0,1,NULL),('C+',0,0,1109,'Fall',2010,25,0,2,NULL),('C+',0,0,1218,'Fall',2010,25,0,2,NULL),('C+',0,0,1465,'Fall',2010,25,0,2,NULL),('C+',0,0,1527,'Fall',2010,25,0,2,NULL),('C+',0,0,1341,'Fall',2010,25,0,5,NULL),('C+',0,0,1403,'Fall',2010,25,0,5,NULL),('C+',0,0,1589,'Fall',2010,25,0,6,NULL),('C+',0,0,1651,'Fall',2010,25,0,6,NULL),('C+',0,0,1713,'Fall',2010,25,0,6,NULL),('C+',0,0,1775,'Fall',2010,25,0,6,NULL),('C+',0,0,1837,'Fall',2010,25,0,6,NULL),('C+',0,0,1899,'Fall',2010,25,0,6,NULL),('C+',0,0,1961,'Fall',2010,25,0,6,NULL),('C+',0,0,2023,'Fall',2010,25,0,6,NULL),('C+',0,0,2085,'Fall',2010,25,0,6,NULL),('C+',0,0,2147,'Fall',2010,25,0,7,NULL),('C+',0,0,1308,'Fall',2012,40,0,1,NULL),('C+',0,0,1132,'Fall',2012,40,0,2,NULL),('C+',0,0,1247,'Fall',2012,40,0,2,NULL),('C+',0,0,1494,'Fall',2012,40,0,2,NULL),('C+',0,0,1556,'Fall',2012,40,0,2,NULL),('C+',0,0,1370,'Fall',2012,40,0,5,NULL),('C+',0,0,1432,'Fall',2012,40,0,5,NULL),('C+',0,0,1618,'Fall',2012,40,0,6,NULL),('C+',0,0,1680,'Fall',2012,40,0,6,NULL),('C+',0,0,1742,'Fall',2012,40,0,6,NULL),('C+',0,0,1804,'Fall',2012,40,0,6,NULL),('C+',0,0,1866,'Fall',2012,40,0,6,NULL),('C+',0,0,1928,'Fall',2012,40,0,6,NULL),('C+',0,0,1990,'Fall',2012,40,0,6,NULL),('C+',0,0,2052,'Fall',2012,40,0,6,NULL),('C+',0,0,2114,'Fall',2012,40,0,6,NULL),('C+',0,0,2176,'Fall',2012,40,0,7,NULL),('C+',0,0,1324,'Fall',2014,59,0,1,NULL),('C+',0,0,1140,'Fall',2014,59,0,2,NULL),('C+',0,0,1263,'Fall',2014,59,0,2,NULL),('C+',0,0,1510,'Fall',2014,59,0,2,NULL),('C+',0,0,1572,'Fall',2014,59,0,2,NULL),('C+',0,0,1386,'Fall',2014,59,0,5,NULL),('C+',0,0,1448,'Fall',2014,59,0,5,NULL),('C+',0,0,1634,'Fall',2014,59,0,6,NULL),('C+',0,0,1696,'Fall',2014,59,0,6,NULL),('C+',0,0,1758,'Fall',2014,59,0,6,NULL),('C+',0,0,1820,'Fall',2014,59,0,6,NULL),('C+',0,0,1882,'Fall',2014,59,0,6,NULL),('C+',0,0,1944,'Fall',2014,59,0,6,NULL),('C+',0,0,2006,'Fall',2014,59,0,6,NULL),('C+',0,0,2068,'Fall',2014,59,0,6,NULL),('C+',0,0,2130,'Fall',2014,59,0,6,NULL),('C+',0,0,2192,'Fall',2014,59,0,7,NULL),('IP',0,0,1338,'Fall',2015,370,0,1,NULL),('IP',0,0,1166,'Fall',2015,370,0,2,NULL),('IP',0,0,1400,'Fall',2015,370,0,5,NULL),('IP',0,0,1462,'Fall',2015,370,0,5,NULL),('IP',0,0,1648,'Fall',2015,370,0,6,NULL),('IP',0,0,1710,'Fall',2015,370,0,6,NULL),('IP',0,0,1772,'Fall',2015,370,0,6,NULL),('IP',0,0,1834,'Fall',2015,370,0,6,NULL),('IP',0,0,1896,'Fall',2015,370,0,6,NULL),('IP',0,0,1958,'Fall',2015,370,0,6,NULL),('IP',0,0,2020,'Fall',2015,370,0,6,NULL),('IP',0,0,2082,'Fall',2015,370,0,6,NULL),('IP',0,0,2144,'Fall',2015,370,0,6,NULL),('IP',0,0,2206,'Fall',2015,370,0,7,NULL),('IP',0,0,1339,'Fall',2015,377,0,1,NULL),('IP',0,0,1278,'Fall',2015,377,0,2,NULL),('IP',0,0,1525,'Fall',2015,377,0,2,NULL),('IP',0,0,1587,'Fall',2015,377,0,2,NULL),('IP',0,0,1401,'Fall',2015,377,0,5,NULL),('IP',0,0,1463,'Fall',2015,377,0,5,NULL),('IP',0,0,1649,'Fall',2015,377,0,6,NULL),('IP',0,0,1711,'Fall',2015,377,0,6,NULL),('IP',0,0,1773,'Fall',2015,377,0,6,NULL),('IP',0,0,1835,'Fall',2015,377,0,6,NULL),('IP',0,0,1897,'Fall',2015,377,0,6,NULL),('IP',0,0,1959,'Fall',2015,377,0,6,NULL),('IP',0,0,2021,'Fall',2015,377,0,6,NULL),('IP',0,0,2083,'Fall',2015,377,0,6,NULL),('IP',0,0,2145,'Fall',2015,377,0,6,NULL),('IP',0,0,2207,'Fall',2015,377,0,7,NULL),('IP',0,0,1340,'Fall',2015,390,0,1,NULL),('IP',0,0,1167,'Fall',2015,390,0,2,NULL),('IP',0,0,1526,'Fall',2015,390,0,2,NULL),('IP',0,0,1588,'Fall',2015,390,0,2,NULL),('IP',0,0,1402,'Fall',2015,390,0,5,NULL),('IP',0,0,1464,'Fall',2015,390,0,5,NULL),('IP',0,0,1650,'Fall',2015,390,0,6,NULL),('IP',0,0,1712,'Fall',2015,390,0,6,NULL),('IP',0,0,1774,'Fall',2015,390,0,6,NULL),('IP',0,0,1836,'Fall',2015,390,0,6,NULL),('IP',0,0,1898,'Fall',2015,390,0,6,NULL),('IP',0,0,1960,'Fall',2015,390,0,6,NULL),('IP',0,0,2022,'Fall',2015,390,0,6,NULL),('IP',0,0,2084,'Fall',2015,390,0,6,NULL),('IP',0,0,2146,'Fall',2015,390,0,6,NULL),('IP',0,0,2208,'Fall',2015,390,0,7,NULL),('ND',0,0,1168,'',0,356,0,2,NULL),('ND',0,0,1169,'',0,571,0,2,NULL),('ND',0,0,1170,'',0,574,0,2,NULL),('ND',0,0,1171,'',0,575,0,2,NULL),('ND',0,0,1172,'',0,575,0,2,NULL),('ND',0,0,1173,'',0,577,0,2,NULL),('ND',0,0,1174,'',0,578,0,2,NULL),('ND',0,0,1175,'',0,579,0,2,NULL),('ND',0,0,1176,'',0,579,0,2,NULL),('ND',0,0,1177,'',0,581,0,2,NULL),('ND',0,0,1178,'',0,583,0,2,NULL),('ND',0,0,1179,'',0,583,0,2,NULL),('ND',0,0,1191,'',0,583,0,2,NULL),('ND',0,0,1192,'',0,583,0,2,NULL),('ND',0,0,1204,'',0,583,0,2,NULL),('ND',0,0,1205,'',0,583,0,2,NULL),('ND',0,0,1180,'',0,585,0,2,NULL),('ND',0,0,1181,'',0,585,0,2,NULL),('ND',0,0,1183,'',0,585,0,2,NULL),('ND',0,0,1184,'',0,585,0,2,NULL),('ND',0,0,1182,'',0,587,0,2,NULL),('ND',0,0,1185,'',0,590,0,2,NULL),('ND',0,0,1186,'',0,591,0,2,NULL),('ND',0,0,1187,'',0,592,0,2,NULL),('ND',0,0,1188,'',0,593,0,2,NULL),('ND',0,0,1189,'',0,594,0,2,NULL),('ND',0,0,1190,'',0,594,0,2,NULL),('ND',0,0,1193,'',0,600,0,2,NULL),('ND',0,0,1194,'',0,601,0,2,NULL),('ND',0,0,1195,'',0,601,0,2,NULL),('ND',0,0,1196,'',0,603,0,2,NULL),('ND',0,0,1197,'',0,603,0,2,NULL),('ND',0,0,1198,'',0,606,0,2,NULL),('ND',0,0,1199,'',0,607,0,2,NULL),('ND',0,0,1200,'',0,608,0,2,NULL),('ND',0,0,1201,'',0,608,0,2,NULL),('ND',0,0,1202,'',0,611,0,2,NULL),('ND',0,0,1207,'',0,611,0,2,NULL),('ND',0,0,1203,'',0,612,0,2,NULL),('ND',0,0,1206,'',0,617,0,2,NULL),('ND',0,0,1208,'',0,619,0,2,NULL),('ND',0,0,1209,'',0,620,0,2,NULL),('ND',0,0,1210,'',0,621,0,2,NULL),('ND',0,0,1211,'',0,623,0,2,NULL),('ND',0,0,1212,'',0,624,0,2,NULL),('ND',0,0,1213,'',0,626,0,2,NULL),('ND',0,0,1214,'',0,626,0,2,NULL),('ND',0,0,1215,'',0,628,0,2,NULL),('ND',0,0,1216,'',0,628,0,2,NULL),('P',0,0,1333,'Summer',2015,46,0,1,NULL),('P',0,0,1147,'Summer',2015,46,0,2,NULL),('P',0,0,1272,'Summer',2015,46,0,2,NULL),('P',0,0,1519,'Summer',2015,46,0,2,NULL),('P',0,0,1581,'Summer',2015,46,0,2,NULL),('P',0,0,1395,'Summer',2015,46,0,5,NULL),('P',0,0,1457,'Summer',2015,46,0,5,NULL),('P',0,0,1643,'Summer',2015,46,0,6,NULL),('P',0,0,1705,'Summer',2015,46,0,6,NULL),('P',0,0,1767,'Summer',2015,46,0,6,NULL),('P',0,0,1829,'Summer',2015,46,0,6,NULL),('P',0,0,1891,'Summer',2015,46,0,6,NULL),('P',0,0,1953,'Summer',2015,46,0,6,NULL),('P',0,0,2015,'Summer',2015,46,0,6,NULL),('P',0,0,2077,'Summer',2015,46,0,6,NULL),('P',0,0,2139,'Summer',2015,46,0,6,NULL),('P',0,0,2201,'Summer',2015,46,0,7,NULL),('TR',0,0,1284,'Fall',2010,4,0,1,NULL),('TR',0,0,1312,'Fall',2010,4,0,1,NULL),('TR',0,0,1114,'Fall',2010,4,0,2,NULL),('TR',0,0,1150,'Fall',2010,4,0,2,NULL),('TR',0,0,1223,'Fall',2010,4,0,2,NULL),('TR',0,0,1251,'Fall',2010,4,0,2,NULL),('TR',0,0,1470,'Fall',2010,4,0,2,NULL),('TR',0,0,1498,'Fall',2010,4,0,2,NULL),('TR',0,0,1532,'Fall',2010,4,0,2,NULL),('TR',0,0,1560,'Fall',2010,4,0,2,NULL),('TR',0,0,1346,'Fall',2010,4,0,5,NULL),('TR',0,0,1374,'Fall',2010,4,0,5,NULL),('TR',0,0,1408,'Fall',2010,4,0,5,NULL),('TR',0,0,1436,'Fall',2010,4,0,5,NULL),('TR',0,0,1594,'Fall',2010,4,0,6,NULL),('TR',0,0,1622,'Fall',2010,4,0,6,NULL),('TR',0,0,1656,'Fall',2010,4,0,6,NULL),('TR',0,0,1684,'Fall',2010,4,0,6,NULL),('TR',0,0,1718,'Fall',2010,4,0,6,NULL),('TR',0,0,1746,'Fall',2010,4,0,6,NULL),('TR',0,0,1780,'Fall',2010,4,0,6,NULL),('TR',0,0,1808,'Fall',2010,4,0,6,NULL),('TR',0,0,1842,'Fall',2010,4,0,6,NULL),('TR',0,0,1870,'Fall',2010,4,0,6,NULL),('TR',0,0,1904,'Fall',2010,4,0,6,NULL),('TR',0,0,1932,'Fall',2010,4,0,6,NULL),('TR',0,0,1966,'Fall',2010,4,0,6,NULL),('TR',0,0,1994,'Fall',2010,4,0,6,NULL),('TR',0,0,2028,'Fall',2010,4,0,6,NULL),('TR',0,0,2056,'Fall',2010,4,0,6,NULL),('TR',0,0,2090,'Fall',2010,4,0,6,NULL),('TR',0,0,2118,'Fall',2010,4,0,6,NULL),('TR',0,0,2152,'Fall',2010,4,0,7,NULL),('TR',0,0,2180,'Fall',2010,4,0,7,NULL),('TR',0,0,1285,'Fall',2010,5,0,1,NULL),('TR',0,0,1313,'Fall',2010,5,0,1,NULL),('TR',0,0,1115,'Fall',2010,5,0,2,NULL),('TR',0,0,1151,'Fall',2010,5,0,2,NULL),('TR',0,0,1224,'Fall',2010,5,0,2,NULL),('TR',0,0,1252,'Fall',2010,5,0,2,NULL),('TR',0,0,1471,'Fall',2010,5,0,2,NULL),('TR',0,0,1499,'Fall',2010,5,0,2,NULL),('TR',0,0,1533,'Fall',2010,5,0,2,NULL),('TR',0,0,1561,'Fall',2010,5,0,2,NULL),('TR',0,0,1347,'Fall',2010,5,0,5,NULL),('TR',0,0,1375,'Fall',2010,5,0,5,NULL),('TR',0,0,1409,'Fall',2010,5,0,5,NULL),('TR',0,0,1437,'Fall',2010,5,0,5,NULL),('TR',0,0,1595,'Fall',2010,5,0,6,NULL),('TR',0,0,1623,'Fall',2010,5,0,6,NULL),('TR',0,0,1657,'Fall',2010,5,0,6,NULL),('TR',0,0,1685,'Fall',2010,5,0,6,NULL),('TR',0,0,1719,'Fall',2010,5,0,6,NULL),('TR',0,0,1747,'Fall',2010,5,0,6,NULL),('TR',0,0,1781,'Fall',2010,5,0,6,NULL),('TR',0,0,1809,'Fall',2010,5,0,6,NULL),('TR',0,0,1843,'Fall',2010,5,0,6,NULL),('TR',0,0,1871,'Fall',2010,5,0,6,NULL),('TR',0,0,1905,'Fall',2010,5,0,6,NULL),('TR',0,0,1933,'Fall',2010,5,0,6,NULL),('TR',0,0,1967,'Fall',2010,5,0,6,NULL),('TR',0,0,1995,'Fall',2010,5,0,6,NULL),('TR',0,0,2029,'Fall',2010,5,0,6,NULL),('TR',0,0,2057,'Fall',2010,5,0,6,NULL),('TR',0,0,2091,'Fall',2010,5,0,6,NULL),('TR',0,0,2119,'Fall',2010,5,0,6,NULL),('TR',0,0,2153,'Fall',2010,5,0,7,NULL),('TR',0,0,2181,'Fall',2010,5,0,7,NULL),('TR',0,0,1291,'Fall',2010,15,0,1,NULL),('TR',0,0,1121,'Fall',2010,15,0,2,NULL),('TR',0,0,1230,'Fall',2010,15,0,2,NULL),('TR',0,0,1477,'Fall',2010,15,0,2,NULL),('TR',0,0,1539,'Fall',2010,15,0,2,NULL),('TR',0,0,1353,'Fall',2010,15,0,5,NULL),('TR',0,0,1415,'Fall',2010,15,0,5,NULL),('TR',0,0,1601,'Fall',2010,15,0,6,NULL),('TR',0,0,1663,'Fall',2010,15,0,6,NULL),('TR',0,0,1725,'Fall',2010,15,0,6,NULL),('TR',0,0,1787,'Fall',2010,15,0,6,NULL),('TR',0,0,1849,'Fall',2010,15,0,6,NULL),('TR',0,0,1911,'Fall',2010,15,0,6,NULL),('TR',0,0,1973,'Fall',2010,15,0,6,NULL),('TR',0,0,2035,'Fall',2010,15,0,6,NULL),('TR',0,0,2097,'Fall',2010,15,0,6,NULL),('TR',0,0,2159,'Fall',2010,15,0,7,NULL),('TR',0,0,1293,'Fall',2010,22,0,1,NULL),('TR',0,0,1124,'Fall',2010,22,0,2,NULL),('TR',0,0,1232,'Fall',2010,22,0,2,NULL),('TR',0,0,1479,'Fall',2010,22,0,2,NULL),('TR',0,0,1541,'Fall',2010,22,0,2,NULL),('TR',0,0,1355,'Fall',2010,22,0,5,NULL),('TR',0,0,1417,'Fall',2010,22,0,5,NULL),('TR',0,0,1603,'Fall',2010,22,0,6,NULL),('TR',0,0,1665,'Fall',2010,22,0,6,NULL),('TR',0,0,1727,'Fall',2010,22,0,6,NULL),('TR',0,0,1789,'Fall',2010,22,0,6,NULL),('TR',0,0,1851,'Fall',2010,22,0,6,NULL),('TR',0,0,1913,'Fall',2010,22,0,6,NULL),('TR',0,0,1975,'Fall',2010,22,0,6,NULL),('TR',0,0,2037,'Fall',2010,22,0,6,NULL),('TR',0,0,2099,'Fall',2010,22,0,6,NULL),('TR',0,0,2161,'Fall',2010,22,0,7,NULL),('TR',0,0,1314,'Fall',2010,34,0,1,NULL),('TR',0,0,1123,'Fall',2010,34,0,2,NULL),('TR',0,0,1253,'Fall',2010,34,0,2,NULL),('TR',0,0,1500,'Fall',2010,34,0,2,NULL),('TR',0,0,1562,'Fall',2010,34,0,2,NULL),('TR',0,0,1376,'Fall',2010,34,0,5,NULL),('TR',0,0,1438,'Fall',2010,34,0,5,NULL),('TR',0,0,1624,'Fall',2010,34,0,6,NULL),('TR',0,0,1686,'Fall',2010,34,0,6,NULL),('TR',0,0,1748,'Fall',2010,34,0,6,NULL),('TR',0,0,1810,'Fall',2010,34,0,6,NULL),('TR',0,0,1872,'Fall',2010,34,0,6,NULL),('TR',0,0,1934,'Fall',2010,34,0,6,NULL),('TR',0,0,1996,'Fall',2010,34,0,6,NULL),('TR',0,0,2058,'Fall',2010,34,0,6,NULL),('TR',0,0,2120,'Fall',2010,34,0,6,NULL),('TR',0,0,2182,'Fall',2010,34,0,7,NULL),('TR',0,0,1290,'Fall',2010,35,0,1,NULL),('TR',0,0,1315,'Fall',2010,35,0,1,NULL),('TR',0,0,1120,'Fall',2010,35,0,2,NULL),('TR',0,0,1152,'Fall',2010,35,0,2,NULL),('TR',0,0,1229,'Fall',2010,35,0,2,NULL),('TR',0,0,1254,'Fall',2010,35,0,2,NULL),('TR',0,0,1476,'Fall',2010,35,0,2,NULL),('TR',0,0,1501,'Fall',2010,35,0,2,NULL),('TR',0,0,1538,'Fall',2010,35,0,2,NULL),('TR',0,0,1563,'Fall',2010,35,0,2,NULL),('TR',0,0,1352,'Fall',2010,35,0,5,NULL),('TR',0,0,1377,'Fall',2010,35,0,5,NULL),('TR',0,0,1414,'Fall',2010,35,0,5,NULL),('TR',0,0,1439,'Fall',2010,35,0,5,NULL),('TR',0,0,1600,'Fall',2010,35,0,6,NULL),('TR',0,0,1625,'Fall',2010,35,0,6,NULL),('TR',0,0,1662,'Fall',2010,35,0,6,NULL),('TR',0,0,1687,'Fall',2010,35,0,6,NULL),('TR',0,0,1724,'Fall',2010,35,0,6,NULL),('TR',0,0,1749,'Fall',2010,35,0,6,NULL),('TR',0,0,1786,'Fall',2010,35,0,6,NULL),('TR',0,0,1811,'Fall',2010,35,0,6,NULL),('TR',0,0,1848,'Fall',2010,35,0,6,NULL),('TR',0,0,1873,'Fall',2010,35,0,6,NULL),('TR',0,0,1910,'Fall',2010,35,0,6,NULL),('TR',0,0,1935,'Fall',2010,35,0,6,NULL),('TR',0,0,1972,'Fall',2010,35,0,6,NULL),('TR',0,0,1997,'Fall',2010,35,0,6,NULL),('TR',0,0,2034,'Fall',2010,35,0,6,NULL),('TR',0,0,2059,'Fall',2010,35,0,6,NULL),('TR',0,0,2096,'Fall',2010,35,0,6,NULL),('TR',0,0,2121,'Fall',2010,35,0,6,NULL),('TR',0,0,2158,'Fall',2010,35,0,7,NULL),('TR',0,0,2183,'Fall',2010,35,0,7,NULL),('TR',0,0,1294,'Fall',2010,65,0,1,NULL),('TR',0,0,1125,'Fall',2010,65,0,2,NULL),('TR',0,0,1233,'Fall',2010,65,0,2,NULL),('TR',0,0,1480,'Fall',2010,65,0,2,NULL),('TR',0,0,1542,'Fall',2010,65,0,2,NULL),('TR',0,0,1356,'Fall',2010,65,0,5,NULL),('TR',0,0,1418,'Fall',2010,65,0,5,NULL),('TR',0,0,1604,'Fall',2010,65,0,6,NULL),('TR',0,0,1666,'Fall',2010,65,0,6,NULL),('TR',0,0,1728,'Fall',2010,65,0,6,NULL),('TR',0,0,1790,'Fall',2010,65,0,6,NULL),('TR',0,0,1852,'Fall',2010,65,0,6,NULL),('TR',0,0,1914,'Fall',2010,65,0,6,NULL),('TR',0,0,1976,'Fall',2010,65,0,6,NULL),('TR',0,0,2038,'Fall',2010,65,0,6,NULL),('TR',0,0,2100,'Fall',2010,65,0,6,NULL),('TR',0,0,2162,'Fall',2010,65,0,7,NULL);
/*!40000 ALTER TABLE `StudentCourse` ENABLE KEYS */;
UNLOCK TABLES;

--
-- Table structure for table `StudentMajor`
--

DROP TABLE IF EXISTS `StudentMajor`;
/*!40101 SET @saved_cs_client     = @@character_set_client */;
/*!40101 SET character_set_client = utf8 */;
CREATE TABLE `StudentMajor` (
  `userID` int(11) NOT NULL,
  `majorID` int(11) NOT NULL,
  `declaredDate` date NOT NULL,
  PRIMARY KEY (`userID`,`majorID`),
  KEY `userID` (`userID`),
  KEY `majorID` (`majorID`),
  CONSTRAINT `StudentMajor_ibfk_1` FOREIGN KEY (`userID`) REFERENCES `Users` (`userID`) ON DELETE CASCADE ON UPDATE CASCADE,
  CONSTRAINT `StudentMajor_ibfk_2` FOREIGN KEY (`majorID`) REFERENCES `Major` (`majorID`) ON DELETE CASCADE ON UPDATE CASCADE
) ENGINE=InnoDB DEFAULT CHARSET=latin1;
/*!40101 SET character_set_client = @saved_cs_client */;

--
-- Dumping data for table `StudentMajor`
--

LOCK TABLES `StudentMajor` WRITE;
/*!40000 ALTER TABLE `StudentMajor` DISABLE KEYS */;
INSERT INTO `StudentMajor` VALUES (1,1,'0000-00-00'),(2,1,'0000-00-00'),(2,3,'0000-00-00'),(3,2,'0000-00-00'),(4,1,'0000-00-00'),(5,1,'0000-00-00'),(6,1,'0000-00-00'),(7,1,'0000-00-00');
/*!40000 ALTER TABLE `StudentMajor` ENABLE KEYS */;
UNLOCK TABLES;

--
-- Table structure for table `StudentMajorBucket`
--

DROP TABLE IF EXISTS `StudentMajorBucket`;
/*!40101 SET @saved_cs_client     = @@character_set_client */;
/*!40101 SET character_set_client = utf8 */;
CREATE TABLE `StudentMajorBucket` (
  `userID` int(11) NOT NULL,
  `bucketID` int(11) NOT NULL,
  `selected` tinyint(1) NOT NULL,
  PRIMARY KEY (`userID`,`bucketID`),
  KEY `userID` (`userID`),
  KEY `bucketID` (`bucketID`),
  CONSTRAINT `StudentMajorBucket_ibfk_1` FOREIGN KEY (`userID`) REFERENCES `Users` (`userID`) ON DELETE CASCADE ON UPDATE CASCADE,
  CONSTRAINT `StudentMajorBucket_ibfk_2` FOREIGN KEY (`bucketID`) REFERENCES `MajorBucket` (`bucketID`) ON DELETE CASCADE ON UPDATE CASCADE
) ENGINE=InnoDB DEFAULT CHARSET=latin1;
/*!40101 SET character_set_client = @saved_cs_client */;

--
-- Dumping data for table `StudentMajorBucket`
--

LOCK TABLES `StudentMajorBucket` WRITE;
/*!40000 ALTER TABLE `StudentMajorBucket` DISABLE KEYS */;
/*!40000 ALTER TABLE `StudentMajorBucket` ENABLE KEYS */;
UNLOCK TABLES;

--
-- Table structure for table `Users`
--

DROP TABLE IF EXISTS `Users`;
/*!40101 SET @saved_cs_client     = @@character_set_client */;
/*!40101 SET character_set_client = utf8 */;
CREATE TABLE `Users` (
  `email` varchar(255) NOT NULL,
  `userName` varchar(35) NOT NULL,
  `password` varchar(255) NOT NULL,
  `firstName` varchar(35) NOT NULL,
  `lastName` varchar(35) NOT NULL,
  `type` int(1) NOT NULL DEFAULT '0',
  `userID` int(11) NOT NULL AUTO_INCREMENT,
  PRIMARY KEY (`userID`),
  UNIQUE KEY `Email` (`email`),
  UNIQUE KEY `Username` (`userName`),
  UNIQUE KEY `Password_2` (`password`,`firstName`,`lastName`,`type`),
  UNIQUE KEY `Password_3` (`password`,`firstName`,`lastName`,`type`),
  UNIQUE KEY `Password_4` (`password`,`firstName`,`lastName`,`type`),
  KEY `userID` (`userID`)
) ENGINE=InnoDB AUTO_INCREMENT=8 DEFAULT CHARSET=latin1;
/*!40101 SET character_set_client = @saved_cs_client */;

--
-- Dumping data for table `Users`
--

LOCK TABLES `Users` WRITE;
/*!40000 ALTER TABLE `Users` DISABLE KEYS */;
INSERT INTO `Users` VALUES ('jdoe001@fiu.edu','jdoe','$2y$10$qCX9DyNzi81oMj8FyIvFluQ3jF4mdG/n75BkhbZHu5s7X8PlMZGni','John','Doe2',0,1),('mdoe001@fiu.edu','mdoe','$2y$10$7VgYcS4uxTtutewqVtcjY.6bXlmWfmRROj0TybVVSken3oQ3pwDZq','Mary','Doe1',0,2),('pdoe001@fiu.edu','pdoe','$2y$10$ULy3u.tmleqVeKGcqn2G5uIZTRCIvz2ETS40e8DJUW9Zq1qbTe.Cm','Peter','Doe3',0,3),('admin@fiu.edu','admin','$2y$10$ho7bY27CG0l2.7b4LWn/s.6Vk25FpBF6UOlWyHdmeXM3WVtq9KUau','admin','fiu',1,4),('NewUser@fiu.edu','NewUser','$2y$10$eXBOhFVN.IVIboAKbaP2DukEDiRtKU9VKvQiPta4iqI5qIG3FVUGu','New','User',0,5),('hello@fiu.edu','hello','$2y$10$svJ2GSGwqEsfCaX8w17RSuciRky.w7CFSz/Z/tTz5tTAWz5f0q1Qe','hello','hello',0,6),('kk@fiu.edu','kk','$2y$10$w4EqWS3jK8lwlq0ILVuvB.FE3WLTxYZiiJMeR/zQCDJYofXgG1TY6','kk','kk',0,7);
/*!40000 ALTER TABLE `Users` ENABLE KEYS */;
UNLOCK TABLES;
/*!40103 SET TIME_ZONE=@OLD_TIME_ZONE */;

/*!40101 SET SQL_MODE=@OLD_SQL_MODE */;
/*!40014 SET FOREIGN_KEY_CHECKS=@OLD_FOREIGN_KEY_CHECKS */;
/*!40014 SET UNIQUE_CHECKS=@OLD_UNIQUE_CHECKS */;
/*!40101 SET CHARACTER_SET_CLIENT=@OLD_CHARACTER_SET_CLIENT */;
/*!40101 SET CHARACTER_SET_RESULTS=@OLD_CHARACTER_SET_RESULTS */;
/*!40101 SET COLLATION_CONNECTION=@OLD_COLLATION_CONNECTION */;
/*!40111 SET SQL_NOTES=@OLD_SQL_NOTES */;

-- Dump completed on 2015-12-10  6:49:50
